2022-05-27 21:07:01.582281,2.07044
2022-05-27 21:07:01.582281,2.07044
2022-05-27 21:07:01.582281,2.07044
2022-05-27 21:07:02.582294,2.07111
2022-05-27 21:07:02.582294,2.07111
2022-05-27 21:07:02.582294,2.07111
2022-05-27 21:07:03.582361,2.07133
2022-05-27 21:07:03.582361,2.07133
2022-05-27 21:07:03.582361,2.07133
2022-05-27 21:07:04.582290,2.07055
2022-05-27 21:07:04.582290,2.07055
2022-05-27 21:07:04.582290,2.07055
2022-05-27 21:07:05.582315,2.07084
2022-05-27 21:07:05.582315,2.07084
2022-05-27 21:07:05.582315,2.07084
2022-05-27 21:07:06.582296,2.07187
2022-05-27 21:07:06.582296,2.07187
2022-05-27 21:07:06.582296,2.07187
2022-05-27 21:07:07.582308,2.0711
2022-05-27 21:07:07.582308,2.0711
2022-05-27 21:07:07.582308,2.0711
2022-05-27 21:07:08.582295,2.07007
2022-05-27 21:07:08.582295,2.07007
2022-05-27 21:07:08.582295,2.07007
2022-05-27 21:07:09.582290,2.0705
2022-05-27 21:07:09.582290,2.0705
2022-05-27 21:07:09.582290,2.0705
2022-05-27 21:07:10.582304,2.07072
2022-05-27 21:07:10.582304,2.07072
2022-05-27 21:07:10.582304,2.07072
2022-05-27 21:07:11.582299,2.07067
2022-05-27 21:07:11.582299,2.07067
2022-05-27 21:07:11.582299,2.07067
2022-05-27 21:07:12.582319,2.07027
2022-05-27 21:07:12.582319,2.07027
2022-05-27 21:07:12.582319,2.07027
2022-05-27 21:07:13.582301,2.07051
2022-05-27 21:07:13.582301,2.07051
2022-05-27 21:07:13.582301,2.07051
2022-05-27 21:07:14.582397,2.06991
2022-05-27 21:07:14.582397,2.06991
2022-05-27 21:07:14.582397,2.06991
2022-05-27 21:07:15.582301,2.06926
2022-05-27 21:07:15.582301,2.06926
2022-05-27 21:07:15.582301,2.06926
2022-05-27 21:07:16.582328,2.06984
2022-05-27 21:07:16.582328,2.06984
2022-05-27 21:07:16.582328,2.06984
2022-05-27 21:07:17.582324,2.07
2022-05-27 21:07:17.582324,2.07
2022-05-27 21:07:17.582324,2.07
2022-05-27 21:07:18.582321,2.07007
2022-05-27 21:07:18.582321,2.07007
2022-05-27 21:07:18.582321,2.07007
2022-05-27 21:07:19.582337,2.07018
2022-05-27 21:07:19.582337,2.07018
2022-05-27 21:07:19.582337,2.07018
2022-05-27 21:07:20.583293,2.06943
2022-05-27 21:07:20.583293,2.06943
2022-05-27 21:07:20.583293,2.06943
2022-05-27 21:07:21.582320,2.07007
2022-05-27 21:07:21.582320,2.07007
2022-05-27 21:07:21.582320,2.07007
2022-05-27 21:07:22.582365,2.07088
2022-05-27 21:07:22.582365,2.07088
2022-05-27 21:07:22.582365,2.07088
2022-05-27 21:07:23.582328,2.07091
2022-05-27 21:07:23.582328,2.07091
2022-05-27 21:07:23.582328,2.07091
2022-05-27 21:07:24.582353,2.07187
2022-05-27 21:07:24.582353,2.07187
2022-05-27 21:07:24.582353,2.07187
2022-05-27 21:07:25.582328,2.07171
2022-05-27 21:07:25.582328,2.07171
2022-05-27 21:07:25.582328,2.07171
2022-05-27 21:07:26.583620,2.07093
2022-05-27 21:07:26.583620,2.07093
2022-05-27 21:07:26.583620,2.07093
2022-05-27 21:07:27.582350,2.06997
2022-05-27 21:07:27.582350,2.06997
2022-05-27 21:07:27.582350,2.06997
2022-05-27 21:07:28.582359,2.06962
2022-05-27 21:07:28.582359,2.06962
2022-05-27 21:07:28.582359,2.06962
2022-05-27 21:07:29.582356,2.06985
2022-05-27 21:07:29.582356,2.06985
2022-05-27 21:07:29.582356,2.06985
2022-05-27 21:07:30.582355,2.06955
2022-05-27 21:07:30.582355,2.06955
2022-05-27 21:07:30.582355,2.06955
2022-05-27 21:07:31.582344,2.07041
2022-05-27 21:07:31.582344,2.07041
2022-05-27 21:07:31.582344,2.07041
2022-05-27 21:07:32.582352,2.07145
2022-05-27 21:07:32.582352,2.07145
2022-05-27 21:07:32.582352,2.07145
2022-05-27 21:07:33.582348,2.07105
2022-05-27 21:07:33.582348,2.07105
2022-05-27 21:07:33.582348,2.07105
2022-05-27 21:07:34.582386,2.07078
2022-05-27 21:07:34.582386,2.07078
2022-05-27 21:07:34.582386,2.07078
2022-05-27 21:07:35.583567,2.07055
2022-05-27 21:07:35.583567,2.07055
2022-05-27 21:07:35.583567,2.07055
2022-05-27 21:07:36.582363,2.07053
2022-05-27 21:07:36.582363,2.07053
2022-05-27 21:07:36.582363,2.07053
2022-05-27 21:07:37.582361,2.07076
2022-05-27 21:07:37.582361,2.07076
2022-05-27 21:07:37.582361,2.07076
2022-05-27 21:07:38.582374,2.0715
2022-05-27 21:07:38.582374,2.0715
2022-05-27 21:07:38.582374,2.0715
2022-05-27 21:07:39.582387,2.07187
2022-05-27 21:07:39.582387,2.07187
2022-05-27 21:07:39.582387,2.07187
2022-05-27 21:07:40.583598,2.07141
2022-05-27 21:07:40.583598,2.07141
2022-05-27 21:07:40.583598,2.07141
2022-05-27 21:07:41.582511,2.07114
2022-05-27 21:07:41.582511,2.07114
2022-05-27 21:07:41.582511,2.07114
2022-05-27 21:07:42.582373,2.07104
2022-05-27 21:07:42.582373,2.07104
2022-05-27 21:07:42.582373,2.07104
2022-05-27 21:07:43.582395,2.07122
2022-05-27 21:07:43.582395,2.07122
2022-05-27 21:07:43.582395,2.07122
2022-05-27 21:07:44.582401,2.07112
2022-05-27 21:07:44.582401,2.07112
2022-05-27 21:07:44.582401,2.07112
2022-05-27 21:07:45.582432,2.07108
2022-05-27 21:07:45.582432,2.07108
2022-05-27 21:07:45.582432,2.07108
2022-05-27 21:07:46.582396,2.07154
2022-05-27 21:07:46.582396,2.07154
2022-05-27 21:07:46.582396,2.07154
2022-05-27 21:07:47.582375,2.07133
2022-05-27 21:07:47.582375,2.07133
2022-05-27 21:07:47.582375,2.07133
2022-05-27 21:07:48.582385,2.0712
2022-05-27 21:07:48.582385,2.0712
2022-05-27 21:07:48.582385,2.0712
2022-05-27 21:07:49.582384,2.07219
2022-05-27 21:07:49.582384,2.07219
2022-05-27 21:07:49.582384,2.07219
2022-05-27 21:07:50.582376,2.07277
2022-05-27 21:07:50.582376,2.07277
2022-05-27 21:07:50.582376,2.07277
2022-05-27 21:07:51.583723,2.07241
2022-05-27 21:07:51.583723,2.07241
2022-05-27 21:07:51.583723,2.07241
2022-05-27 21:07:52.582384,2.07162
2022-05-27 21:07:52.582384,2.07162
2022-05-27 21:07:52.582384,2.07162
2022-05-27 21:07:53.582386,2.07158
2022-05-27 21:07:53.582386,2.07158
2022-05-27 21:07:53.582386,2.07158
2022-05-27 21:07:54.582415,2.07177
2022-05-27 21:07:54.582415,2.07177
2022-05-27 21:07:54.582415,2.07177
2022-05-27 21:07:55.582397,2.07156
2022-05-27 21:07:55.582397,2.07156
2022-05-27 21:07:55.582397,2.07156
2022-05-27 21:07:56.583608,2.07173
2022-05-27 21:07:56.583608,2.07173
2022-05-27 21:07:56.583608,2.07173
2022-05-27 21:07:57.582469,2.07249
2022-05-27 21:07:57.582469,2.07249
2022-05-27 21:07:57.582469,2.07249
2022-05-27 21:07:58.582410,2.07324
2022-05-27 21:07:58.582410,2.07324
2022-05-27 21:07:58.582410,2.07324
2022-05-27 21:07:59.582423,2.07298
2022-05-27 21:07:59.582423,2.07298
2022-05-27 21:07:59.582423,2.07298
2022-05-27 21:08:00.583688,2.07288
2022-05-27 21:08:00.583688,2.07288
2022-05-27 21:08:00.583688,2.07288
2022-05-27 21:08:01.582509,2.07293
2022-05-27 21:08:01.582509,2.07293
2022-05-27 21:08:01.582509,2.07293
2022-05-27 21:08:02.582426,2.07263
2022-05-27 21:08:02.582426,2.07263
2022-05-27 21:08:02.582426,2.07263
2022-05-27 21:08:03.582421,2.07275
2022-05-27 21:08:03.582421,2.07275
2022-05-27 21:08:03.582421,2.07275
2022-05-27 21:08:04.583492,2.07336
2022-05-27 21:08:04.583492,2.07336
2022-05-27 21:08:04.583492,2.07336
2022-05-27 21:08:05.582434,2.07322
2022-05-27 21:08:05.582434,2.07322
2022-05-27 21:08:05.582434,2.07322
2022-05-27 21:08:06.582427,2.0735
2022-05-27 21:08:06.582427,2.0735
2022-05-27 21:08:06.582427,2.0735
2022-05-27 21:08:07.582424,2.07373
2022-05-27 21:08:07.582424,2.07373
2022-05-27 21:08:07.582424,2.07373
2022-05-27 21:08:08.582433,2.07235
2022-05-27 21:08:08.582433,2.07235
2022-05-27 21:08:08.582433,2.07235
2022-05-27 21:08:09.582448,2.07312
2022-05-27 21:08:09.582448,2.07312
2022-05-27 21:08:09.582448,2.07312
2022-05-27 21:08:10.582431,2.07385
2022-05-27 21:08:10.582431,2.07385
2022-05-27 21:08:10.582431,2.07385
2022-05-27 21:08:11.582430,2.07361
2022-05-27 21:08:11.582430,2.07361
2022-05-27 21:08:11.582430,2.07361
2022-05-27 21:08:12.582440,2.0732
2022-05-27 21:08:12.582440,2.0732
2022-05-27 21:08:12.582440,2.0732
2022-05-27 21:08:13.582435,2.07294
2022-05-27 21:08:13.582435,2.07294
2022-05-27 21:08:13.582435,2.07294
2022-05-27 21:08:14.583782,2.07354
2022-05-27 21:08:14.583782,2.07354
2022-05-27 21:08:14.583782,2.07354
2022-05-27 21:08:15.582636,2.07345
2022-05-27 21:08:15.582636,2.07345
2022-05-27 21:08:15.582636,2.07345
2022-05-27 21:08:16.585603,2.07355
2022-05-27 21:08:16.585603,2.07355
2022-05-27 21:08:16.585603,2.07355
2022-05-27 21:08:17.582479,2.07327
2022-05-27 21:08:17.582479,2.07327
2022-05-27 21:08:17.582479,2.07327
2022-05-27 21:08:18.583558,2.07312
2022-05-27 21:08:18.583558,2.07312
2022-05-27 21:08:18.583558,2.07312
2022-05-27 21:08:19.582511,2.07299
2022-05-27 21:08:19.582511,2.07299
2022-05-27 21:08:19.582511,2.07299
2022-05-27 21:08:20.586387,2.07325
2022-05-27 21:08:20.586387,2.07325
2022-05-27 21:08:20.586387,2.07325
2022-05-27 21:08:21.582678,2.07275
2022-05-27 21:08:21.582678,2.07275
2022-05-27 21:08:21.582678,2.07275
2022-05-27 21:08:22.582491,2.07271
2022-05-27 21:08:22.582491,2.07271
2022-05-27 21:08:22.582491,2.07271
2022-05-27 21:08:23.582494,2.07325
2022-05-27 21:08:23.582494,2.07325
2022-05-27 21:08:23.582494,2.07325
2022-05-27 21:08:24.582536,2.07371
2022-05-27 21:08:24.582536,2.07371
2022-05-27 21:08:24.582536,2.07371
2022-05-27 21:08:25.584077,2.07376
2022-05-27 21:08:25.584077,2.07376
2022-05-27 21:08:25.584077,2.07376
2022-05-27 21:08:26.582497,2.07428
2022-05-27 21:08:26.582497,2.07428
2022-05-27 21:08:26.582497,2.07428
2022-05-27 21:08:27.582490,2.0741
2022-05-27 21:08:27.582490,2.0741
2022-05-27 21:08:27.582490,2.0741
2022-05-27 21:08:28.582490,2.07362
2022-05-27 21:08:28.582490,2.07362
2022-05-27 21:08:28.582490,2.07362
2022-05-27 21:08:29.582511,2.07441
2022-05-27 21:08:29.582511,2.07441
2022-05-27 21:08:29.582511,2.07441
2022-05-27 21:08:30.582514,2.07456
2022-05-27 21:08:30.582514,2.07456
2022-05-27 21:08:30.582514,2.07456
2022-05-27 21:08:31.582495,2.07427
2022-05-27 21:08:31.582495,2.07427
2022-05-27 21:08:31.582495,2.07427
2022-05-27 21:08:32.582512,2.07301
2022-05-27 21:08:32.582512,2.07301
2022-05-27 21:08:32.582512,2.07301
2022-05-27 21:08:33.582502,2.07313
2022-05-27 21:08:33.582502,2.07313
2022-05-27 21:08:33.582502,2.07313
2022-05-27 21:08:34.583797,2.0735
2022-05-27 21:08:34.583797,2.0735
2022-05-27 21:08:34.583797,2.0735
2022-05-27 21:08:35.582523,2.07395
2022-05-27 21:08:35.582523,2.07395
2022-05-27 21:08:35.582523,2.07395
2022-05-27 21:08:36.582529,2.07407
2022-05-27 21:08:36.582529,2.07407
2022-05-27 21:08:36.582529,2.07407
2022-05-27 21:08:37.582513,2.07475
2022-05-27 21:08:37.582513,2.07475
2022-05-27 21:08:37.582513,2.07475
2022-05-27 21:08:38.582509,2.07472
2022-05-27 21:08:38.582509,2.07472
2022-05-27 21:08:38.582509,2.07472
2022-05-27 21:08:39.582560,2.07447
2022-05-27 21:08:39.582560,2.07447
2022-05-27 21:08:39.582560,2.07447
2022-05-27 21:08:40.583056,2.07404
2022-05-27 21:08:40.583056,2.07404
2022-05-27 21:08:40.583056,2.07404
2022-05-27 21:08:41.582511,2.07436
2022-05-27 21:08:41.582511,2.07436
2022-05-27 21:08:41.582511,2.07436
2022-05-27 21:08:42.582531,2.07428
2022-05-27 21:08:42.582531,2.07428
2022-05-27 21:08:42.582531,2.07428
2022-05-27 21:08:43.582527,2.07408
2022-05-27 21:08:43.582527,2.07408
2022-05-27 21:08:43.582527,2.07408
2022-05-27 21:08:44.582665,2.07459
2022-05-27 21:08:44.582665,2.07459
2022-05-27 21:08:44.582665,2.07459
2022-05-27 21:08:45.582604,2.07458
2022-05-27 21:08:45.582604,2.07458
2022-05-27 21:08:45.582604,2.07458
2022-05-27 21:08:46.582540,2.07495
2022-05-27 21:08:46.582540,2.07495
2022-05-27 21:08:46.582540,2.07495
2022-05-27 21:08:47.582521,2.0748
2022-05-27 21:08:47.582521,2.0748
2022-05-27 21:08:47.582521,2.0748
2022-05-27 21:08:48.582537,2.07455
2022-05-27 21:08:48.582537,2.07455
2022-05-27 21:08:48.582537,2.07455
2022-05-27 21:08:49.582593,2.07431
2022-05-27 21:08:49.582593,2.07431
2022-05-27 21:08:49.582593,2.07431
2022-05-27 21:08:50.583379,2.07387
2022-05-27 21:08:50.583379,2.07387
2022-05-27 21:08:50.583379,2.07387
2022-05-27 21:08:51.582543,2.07394
2022-05-27 21:08:51.582543,2.07394
2022-05-27 21:08:51.582543,2.07394
2022-05-27 21:08:52.582555,2.07399
2022-05-27 21:08:52.582555,2.07399
2022-05-27 21:08:52.582555,2.07399
2022-05-27 21:08:53.582556,2.07397
2022-05-27 21:08:53.582556,2.07397
2022-05-27 21:08:53.582556,2.07397
2022-05-27 21:08:54.582840,2.07396
2022-05-27 21:08:54.582840,2.07396
2022-05-27 21:08:54.582840,2.07396
2022-05-27 21:08:55.584174,2.07393
2022-05-27 21:08:55.584174,2.07393
2022-05-27 21:08:55.584174,2.07393
2022-05-27 21:08:56.582648,2.07352
2022-05-27 21:08:56.582648,2.07352
2022-05-27 21:08:56.582648,2.07352
2022-05-27 21:08:57.582578,2.07349
2022-05-27 21:08:57.582578,2.07349
2022-05-27 21:08:57.582578,2.07349
2022-05-27 21:08:58.582564,2.07422
2022-05-27 21:08:58.582564,2.07422
2022-05-27 21:08:58.582564,2.07422
2022-05-27 21:08:59.582569,2.07456
2022-05-27 21:08:59.582569,2.07456
2022-05-27 21:08:59.582569,2.07456
2022-05-27 21:09:00.583142,2.07428
2022-05-27 21:09:00.583142,2.07428
2022-05-27 21:09:00.583142,2.07428
2022-05-27 21:09:00.583142,2.07428
2022-05-27 21:09:00.583142,2.07428
2022-05-27 21:09:00.583142,2.07428
2022-05-27 21:09:00.583142,2.07428
2022-05-27 21:09:00.583142,2.07428
2022-05-27 21:09:01.583254,2.07377
2022-05-27 21:09:01.583254,2.07377
2022-05-27 21:09:01.583254,2.07377
2022-05-27 21:09:01.583254,2.07377
2022-05-27 21:09:01.583254,2.07377
2022-05-27 21:09:01.583254,2.07377
2022-05-27 21:09:01.583254,2.07377
2022-05-27 21:09:01.583254,2.07377
2022-05-27 21:09:02.582558,2.07371
2022-05-27 21:09:02.582558,2.07371
2022-05-27 21:09:02.582558,2.07371
2022-05-27 21:09:02.582558,2.07371
2022-05-27 21:09:02.582558,2.07371
2022-05-27 21:09:02.582558,2.07371
2022-05-27 21:09:02.582558,2.07371
2022-05-27 21:09:02.582558,2.07371
2022-05-27 21:09:03.582572,2.074
2022-05-27 21:09:03.582572,2.074
2022-05-27 21:09:03.582572,2.074
2022-05-27 21:09:03.582572,2.074
2022-05-27 21:09:03.582572,2.074
2022-05-27 21:09:03.582572,2.074
2022-05-27 21:09:03.582572,2.074
2022-05-27 21:09:03.582572,2.074
2022-05-27 21:09:04.582664,2.0738
2022-05-27 21:09:04.582664,2.0738
2022-05-27 21:09:04.582664,2.0738
2022-05-27 21:09:04.582664,2.0738
2022-05-27 21:09:04.582664,2.0738
2022-05-27 21:09:04.582664,2.0738
2022-05-27 21:09:04.582664,2.0738
2022-05-27 21:09:04.582664,2.0738
2022-05-27 21:09:05.582717,2.07447
2022-05-27 21:09:05.582717,2.07447
2022-05-27 21:09:05.582717,2.07447
2022-05-27 21:09:05.582717,2.07447
2022-05-27 21:09:05.582717,2.07447
2022-05-27 21:09:05.582717,2.07447
2022-05-27 21:09:05.582717,2.07447
2022-05-27 21:09:05.582717,2.07447
2022-05-27 21:09:06.582608,2.07417
2022-05-27 21:09:06.582608,2.07417
2022-05-27 21:09:06.582608,2.07417
2022-05-27 21:09:06.582608,2.07417
2022-05-27 21:09:06.582608,2.07417
2022-05-27 21:09:06.582608,2.07417
2022-05-27 21:09:06.582608,2.07417
2022-05-27 21:09:06.582608,2.07417
2022-05-27 21:09:07.582589,2.07398
2022-05-27 21:09:07.582589,2.07398
2022-05-27 21:09:07.582589,2.07398
2022-05-27 21:09:07.582589,2.07398
2022-05-27 21:09:07.582589,2.07398
2022-05-27 21:09:07.582589,2.07398
2022-05-27 21:09:07.582589,2.07398
2022-05-27 21:09:07.582589,2.07398
2022-05-27 21:09:08.582619,2.07358
2022-05-27 21:09:08.582619,2.07358
2022-05-27 21:09:08.582619,2.07358
2022-05-27 21:09:08.582619,2.07358
2022-05-27 21:09:08.582619,2.07358
2022-05-27 21:09:08.582619,2.07358
2022-05-27 21:09:08.582619,2.07358
2022-05-27 21:09:08.582619,2.07358
2022-05-27 21:09:09.582612,2.07371
2022-05-27 21:09:09.582612,2.07371
2022-05-27 21:09:09.582612,2.07371
2022-05-27 21:09:09.582612,2.07371
2022-05-27 21:09:09.582612,2.07371
2022-05-27 21:09:09.582612,2.07371
2022-05-27 21:09:09.582612,2.07371
2022-05-27 21:09:09.582612,2.07371
2022-05-27 21:09:10.582620,2.07421
2022-05-27 21:09:10.582620,2.07421
2022-05-27 21:09:10.582620,2.07421
2022-05-27 21:09:10.582620,2.07421
2022-05-27 21:09:10.582620,2.07421
2022-05-27 21:09:10.582620,2.07421
2022-05-27 21:09:10.582620,2.07421
2022-05-27 21:09:10.582620,2.07421
2022-05-27 21:09:11.582604,2.07472
2022-05-27 21:09:11.582604,2.07472
2022-05-27 21:09:11.582604,2.07472
2022-05-27 21:09:11.582604,2.07472
2022-05-27 21:09:11.582604,2.07472
2022-05-27 21:09:11.582604,2.07472
2022-05-27 21:09:11.582604,2.07472
2022-05-27 21:09:11.582604,2.07472
2022-05-27 21:09:12.582623,2.07496
2022-05-27 21:09:12.582623,2.07496
2022-05-27 21:09:12.582623,2.07496
2022-05-27 21:09:12.582623,2.07496
2022-05-27 21:09:12.582623,2.07496
2022-05-27 21:09:12.582623,2.07496
2022-05-27 21:09:12.582623,2.07496
2022-05-27 21:09:12.582623,2.07496
2022-05-27 21:09:13.582612,2.07443
2022-05-27 21:09:13.582612,2.07443
2022-05-27 21:09:13.582612,2.07443
2022-05-27 21:09:13.582612,2.07443
2022-05-27 21:09:13.582612,2.07443
2022-05-27 21:09:13.582612,2.07443
2022-05-27 21:09:13.582612,2.07443
2022-05-27 21:09:13.582612,2.07443
2022-05-27 21:09:14.582622,2.0732
2022-05-27 21:09:14.582622,2.0732
2022-05-27 21:09:14.582622,2.0732
2022-05-27 21:09:14.582622,2.0732
2022-05-27 21:09:14.582622,2.0732
2022-05-27 21:09:14.582622,2.0732
2022-05-27 21:09:14.582622,2.0732
2022-05-27 21:09:14.582622,2.0732
2022-05-27 21:09:15.582601,2.0742
2022-05-27 21:09:15.582601,2.0742
2022-05-27 21:09:15.582601,2.0742
2022-05-27 21:09:15.582601,2.0742
2022-05-27 21:09:15.582601,2.0742
2022-05-27 21:09:15.582601,2.0742
2022-05-27 21:09:15.582601,2.0742
2022-05-27 21:09:15.582601,2.0742
2022-05-27 21:09:16.582604,2.0751
2022-05-27 21:09:16.582604,2.0751
2022-05-27 21:09:16.582604,2.0751
2022-05-27 21:09:16.582604,2.0751
2022-05-27 21:09:16.582604,2.0751
2022-05-27 21:09:16.582604,2.0751
2022-05-27 21:09:16.582604,2.0751
2022-05-27 21:09:16.582604,2.0751
2022-05-27 21:09:17.582612,2.07529
2022-05-27 21:09:17.582612,2.07529
2022-05-27 21:09:17.582612,2.07529
2022-05-27 21:09:17.582612,2.07529
2022-05-27 21:09:17.582612,2.07529
2022-05-27 21:09:17.582612,2.07529
2022-05-27 21:09:17.582612,2.07529
2022-05-27 21:09:17.582612,2.07529
2022-05-27 21:09:18.582606,2.07529
2022-05-27 21:09:18.582606,2.07529
2022-05-27 21:09:18.582606,2.07529
2022-05-27 21:09:18.582606,2.07529
2022-05-27 21:09:18.582606,2.07529
2022-05-27 21:09:18.582606,2.07529
2022-05-27 21:09:18.582606,2.07529
2022-05-27 21:09:18.582606,2.07529
2022-05-27 21:09:19.582609,2.07467
2022-05-27 21:09:19.582609,2.07467
2022-05-27 21:09:19.582609,2.07467
2022-05-27 21:09:19.582609,2.07467
2022-05-27 21:09:19.582609,2.07467
2022-05-27 21:09:19.582609,2.07467
2022-05-27 21:09:19.582609,2.07467
2022-05-27 21:09:19.582609,2.07467
2022-05-27 21:09:20.582716,2.07416
2022-05-27 21:09:20.582716,2.07416
2022-05-27 21:09:20.582716,2.07416
2022-05-27 21:09:20.582716,2.07416
2022-05-27 21:09:20.582716,2.07416
2022-05-27 21:09:20.582716,2.07416
2022-05-27 21:09:20.582716,2.07416
2022-05-27 21:09:20.582716,2.07416
2022-05-27 21:09:21.582688,2.07432
2022-05-27 21:09:21.582688,2.07432
2022-05-27 21:09:21.582688,2.07432
2022-05-27 21:09:21.582688,2.07432
2022-05-27 21:09:21.582688,2.07432
2022-05-27 21:09:21.582688,2.07432
2022-05-27 21:09:21.582688,2.07432
2022-05-27 21:09:21.582688,2.07432
2022-05-27 21:09:22.582617,2.07456
2022-05-27 21:09:22.582617,2.07456
2022-05-27 21:09:22.582617,2.07456
2022-05-27 21:09:22.582617,2.07456
2022-05-27 21:09:22.582617,2.07456
2022-05-27 21:09:22.582617,2.07456
2022-05-27 21:09:22.582617,2.07456
2022-05-27 21:09:22.582617,2.07456
2022-05-27 21:09:23.582661,2.07534
2022-05-27 21:09:23.582661,2.07534
2022-05-27 21:09:23.582661,2.07534
2022-05-27 21:09:23.582661,2.07534
2022-05-27 21:09:23.582661,2.07534
2022-05-27 21:09:23.582661,2.07534
2022-05-27 21:09:23.582661,2.07534
2022-05-27 21:09:23.582661,2.07534
2022-05-27 21:09:24.582628,2.07496
2022-05-27 21:09:24.582628,2.07496
2022-05-27 21:09:24.582628,2.07496
2022-05-27 21:09:24.582628,2.07496
2022-05-27 21:09:24.582628,2.07496
2022-05-27 21:09:24.582628,2.07496
2022-05-27 21:09:24.582628,2.07496
2022-05-27 21:09:24.582628,2.07496
2022-05-27 21:09:25.582680,2.07454
2022-05-27 21:09:25.582680,2.07454
2022-05-27 21:09:25.582680,2.07454
2022-05-27 21:09:25.582680,2.07454
2022-05-27 21:09:25.582680,2.07454
2022-05-27 21:09:25.582680,2.07454
2022-05-27 21:09:25.582680,2.07454
2022-05-27 21:09:25.582680,2.07454
2022-05-27 21:09:26.582632,2.07484
2022-05-27 21:09:26.582632,2.07484
2022-05-27 21:09:26.582632,2.07484
2022-05-27 21:09:26.582632,2.07484
2022-05-27 21:09:26.582632,2.07484
2022-05-27 21:09:26.582632,2.07484
2022-05-27 21:09:26.582632,2.07484
2022-05-27 21:09:26.582632,2.07484
2022-05-27 21:09:27.582636,2.07551
2022-05-27 21:09:27.582636,2.07551
2022-05-27 21:09:27.582636,2.07551
2022-05-27 21:09:27.582636,2.07551
2022-05-27 21:09:27.582636,2.07551
2022-05-27 21:09:27.582636,2.07551
2022-05-27 21:09:27.582636,2.07551
2022-05-27 21:09:27.582636,2.07551
2022-05-27 21:09:28.582634,2.0751
2022-05-27 21:09:28.582634,2.0751
2022-05-27 21:09:28.582634,2.0751
2022-05-27 21:09:28.582634,2.0751
2022-05-27 21:09:28.582634,2.0751
2022-05-27 21:09:28.582634,2.0751
2022-05-27 21:09:28.582634,2.0751
2022-05-27 21:09:28.582634,2.0751
2022-05-27 21:09:29.582640,2.07508
2022-05-27 21:09:29.582640,2.07508
2022-05-27 21:09:29.582640,2.07508
2022-05-27 21:09:29.582640,2.07508
2022-05-27 21:09:29.582640,2.07508
2022-05-27 21:09:29.582640,2.07508
2022-05-27 21:09:29.582640,2.07508
2022-05-27 21:09:29.582640,2.07508
2022-05-27 21:09:30.584466,2.07579
2022-05-27 21:09:30.584466,2.07579
2022-05-27 21:09:30.584466,2.07579
2022-05-27 21:09:30.584466,2.07579
2022-05-27 21:09:30.584466,2.07579
2022-05-27 21:09:30.584466,2.07579
2022-05-27 21:09:30.584466,2.07579
2022-05-27 21:09:30.584466,2.07579
2022-05-27 21:09:31.584138,2.07607
2022-05-27 21:09:31.584138,2.07607
2022-05-27 21:09:31.584138,2.07607
2022-05-27 21:09:31.584138,2.07607
2022-05-27 21:09:31.584138,2.07607
2022-05-27 21:09:31.584138,2.07607
2022-05-27 21:09:31.584138,2.07607
2022-05-27 21:09:31.584138,2.07607
2022-05-27 21:09:32.582637,2.07548
2022-05-27 21:09:32.582637,2.07548
2022-05-27 21:09:32.582637,2.07548
2022-05-27 21:09:32.582637,2.07548
2022-05-27 21:09:32.582637,2.07548
2022-05-27 21:09:32.582637,2.07548
2022-05-27 21:09:32.582637,2.07548
2022-05-27 21:09:32.582637,2.07548
2022-05-27 21:09:33.582640,2.07567
2022-05-27 21:09:33.582640,2.07567
2022-05-27 21:09:33.582640,2.07567
2022-05-27 21:09:33.582640,2.07567
2022-05-27 21:09:33.582640,2.07567
2022-05-27 21:09:33.582640,2.07567
2022-05-27 21:09:33.582640,2.07567
2022-05-27 21:09:33.582640,2.07567
2022-05-27 21:09:34.582648,2.07639
2022-05-27 21:09:34.582648,2.07639
2022-05-27 21:09:34.582648,2.07639
2022-05-27 21:09:34.582648,2.07639
2022-05-27 21:09:34.582648,2.07639
2022-05-27 21:09:34.582648,2.07639
2022-05-27 21:09:34.582648,2.07639
2022-05-27 21:09:34.582648,2.07639
2022-05-27 21:09:35.582649,2.07667
2022-05-27 21:09:35.582649,2.07667
2022-05-27 21:09:35.582649,2.07667
2022-05-27 21:09:35.582649,2.07667
2022-05-27 21:09:35.582649,2.07667
2022-05-27 21:09:35.582649,2.07667
2022-05-27 21:09:35.582649,2.07667
2022-05-27 21:09:35.582649,2.07667
2022-05-27 21:09:36.582649,2.07502
2022-05-27 21:09:36.582649,2.07502
2022-05-27 21:09:36.582649,2.07502
2022-05-27 21:09:36.582649,2.07502
2022-05-27 21:09:36.582649,2.07502
2022-05-27 21:09:36.582649,2.07502
2022-05-27 21:09:36.582649,2.07502
2022-05-27 21:09:36.582649,2.07502
2022-05-27 21:09:37.582649,2.07542
2022-05-27 21:09:37.582649,2.07542
2022-05-27 21:09:37.582649,2.07542
2022-05-27 21:09:37.582649,2.07542
2022-05-27 21:09:37.582649,2.07542
2022-05-27 21:09:37.582649,2.07542
2022-05-27 21:09:37.582649,2.07542
2022-05-27 21:09:37.582649,2.07542
2022-05-27 21:09:38.582677,2.07581
2022-05-27 21:09:38.582677,2.07581
2022-05-27 21:09:38.582677,2.07581
2022-05-27 21:09:38.582677,2.07581
2022-05-27 21:09:38.582677,2.07581
2022-05-27 21:09:38.582677,2.07581
2022-05-27 21:09:38.582677,2.07581
2022-05-27 21:09:38.582677,2.07581
2022-05-27 21:09:39.583639,2.07659
2022-05-27 21:09:39.583639,2.07659
2022-05-27 21:09:39.583639,2.07659
2022-05-27 21:09:39.583639,2.07659
2022-05-27 21:09:39.583639,2.07659
2022-05-27 21:09:39.583639,2.07659
2022-05-27 21:09:39.583639,2.07659
2022-05-27 21:09:39.583639,2.07659
2022-05-27 21:09:40.582675,2.07577
2022-05-27 21:09:40.582675,2.07577
2022-05-27 21:09:40.582675,2.07577
2022-05-27 21:09:40.582675,2.07577
2022-05-27 21:09:40.582675,2.07577
2022-05-27 21:09:40.582675,2.07577
2022-05-27 21:09:40.582675,2.07577
2022-05-27 21:09:40.582675,2.07577
2022-05-27 21:09:41.582681,2.07628
2022-05-27 21:09:41.582681,2.07628
2022-05-27 21:09:41.582681,2.07628
2022-05-27 21:09:41.582681,2.07628
2022-05-27 21:09:41.582681,2.07628
2022-05-27 21:09:41.582681,2.07628
2022-05-27 21:09:41.582681,2.07628
2022-05-27 21:09:41.582681,2.07628
2022-05-27 21:09:42.582680,2.07649
2022-05-27 21:09:42.582680,2.07649
2022-05-27 21:09:42.582680,2.07649
2022-05-27 21:09:42.582680,2.07649
2022-05-27 21:09:42.582680,2.07649
2022-05-27 21:09:42.582680,2.07649
2022-05-27 21:09:42.582680,2.07649
2022-05-27 21:09:42.582680,2.07649
2022-05-27 21:09:43.582689,2.07583
2022-05-27 21:09:43.582689,2.07583
2022-05-27 21:09:43.582689,2.07583
2022-05-27 21:09:43.582689,2.07583
2022-05-27 21:09:43.582689,2.07583
2022-05-27 21:09:43.582689,2.07583
2022-05-27 21:09:43.582689,2.07583
2022-05-27 21:09:43.582689,2.07583
2022-05-27 21:09:44.582746,2.07627
2022-05-27 21:09:44.582746,2.07627
2022-05-27 21:09:44.582746,2.07627
2022-05-27 21:09:44.582746,2.07627
2022-05-27 21:09:44.582746,2.07627
2022-05-27 21:09:44.582746,2.07627
2022-05-27 21:09:44.582746,2.07627
2022-05-27 21:09:44.582746,2.07627
2022-05-27 21:09:45.583259,2.07648
2022-05-27 21:09:45.583259,2.07648
2022-05-27 21:09:45.583259,2.07648
2022-05-27 21:09:45.583259,2.07648
2022-05-27 21:09:45.583259,2.07648
2022-05-27 21:09:45.583259,2.07648
2022-05-27 21:09:45.583259,2.07648
2022-05-27 21:09:45.583259,2.07648
2022-05-27 21:09:46.582691,2.07621
2022-05-27 21:09:46.582691,2.07621
2022-05-27 21:09:46.582691,2.07621
2022-05-27 21:09:46.582691,2.07621
2022-05-27 21:09:46.582691,2.07621
2022-05-27 21:09:46.582691,2.07621
2022-05-27 21:09:46.582691,2.07621
2022-05-27 21:09:46.582691,2.07621
2022-05-27 21:09:47.582705,2.07569
2022-05-27 21:09:47.582705,2.07569
2022-05-27 21:09:47.582705,2.07569
2022-05-27 21:09:47.582705,2.07569
2022-05-27 21:09:47.582705,2.07569
2022-05-27 21:09:47.582705,2.07569
2022-05-27 21:09:47.582705,2.07569
2022-05-27 21:09:47.582705,2.07569
2022-05-27 21:09:48.582703,2.07628
2022-05-27 21:09:48.582703,2.07628
2022-05-27 21:09:48.582703,2.07628
2022-05-27 21:09:48.582703,2.07628
2022-05-27 21:09:48.582703,2.07628
2022-05-27 21:09:48.582703,2.07628
2022-05-27 21:09:48.582703,2.07628
2022-05-27 21:09:48.582703,2.07628
2022-05-27 21:09:49.582694,2.07692
2022-05-27 21:09:49.582694,2.07692
2022-05-27 21:09:49.582694,2.07692
2022-05-27 21:09:49.582694,2.07692
2022-05-27 21:09:49.582694,2.07692
2022-05-27 21:09:49.582694,2.07692
2022-05-27 21:09:49.582694,2.07692
2022-05-27 21:09:49.582694,2.07692
2022-05-27 21:09:50.583306,2.07706
2022-05-27 21:09:50.583306,2.07706
2022-05-27 21:09:50.583306,2.07706
2022-05-27 21:09:50.583306,2.07706
2022-05-27 21:09:50.583306,2.07706
2022-05-27 21:09:50.583306,2.07706
2022-05-27 21:09:50.583306,2.07706
2022-05-27 21:09:50.583306,2.07706
2022-05-27 21:09:51.582715,2.07739
2022-05-27 21:09:51.582715,2.07739
2022-05-27 21:09:51.582715,2.07739
2022-05-27 21:09:51.582715,2.07739
2022-05-27 21:09:51.582715,2.07739
2022-05-27 21:09:51.582715,2.07739
2022-05-27 21:09:51.582715,2.07739
2022-05-27 21:09:51.582715,2.07739
2022-05-27 21:09:52.582706,2.07704
2022-05-27 21:09:52.582706,2.07704
2022-05-27 21:09:52.582706,2.07704
2022-05-27 21:09:52.582706,2.07704
2022-05-27 21:09:52.582706,2.07704
2022-05-27 21:09:52.582706,2.07704
2022-05-27 21:09:52.582706,2.07704
2022-05-27 21:09:52.582706,2.07704
2022-05-27 21:09:53.582702,2.07745
2022-05-27 21:09:53.582702,2.07745
2022-05-27 21:09:53.582702,2.07745
2022-05-27 21:09:53.582702,2.07745
2022-05-27 21:09:53.582702,2.07745
2022-05-27 21:09:53.582702,2.07745
2022-05-27 21:09:53.582702,2.07745
2022-05-27 21:09:53.582702,2.07745
2022-05-27 21:09:54.582710,2.07654
2022-05-27 21:09:54.582710,2.07654
2022-05-27 21:09:54.582710,2.07654
2022-05-27 21:09:54.582710,2.07654
2022-05-27 21:09:54.582710,2.07654
2022-05-27 21:09:54.582710,2.07654
2022-05-27 21:09:54.582710,2.07654
2022-05-27 21:09:54.582710,2.07654
2022-05-27 21:09:55.582794,2.07669
2022-05-27 21:09:55.582794,2.07669
2022-05-27 21:09:55.582794,2.07669
2022-05-27 21:09:55.582794,2.07669
2022-05-27 21:09:55.582794,2.07669
2022-05-27 21:09:55.582794,2.07669
2022-05-27 21:09:55.582794,2.07669
2022-05-27 21:09:55.582794,2.07669
2022-05-27 21:09:56.582723,2.07715
2022-05-27 21:09:56.582723,2.07715
2022-05-27 21:09:56.582723,2.07715
2022-05-27 21:09:56.582723,2.07715
2022-05-27 21:09:56.582723,2.07715
2022-05-27 21:09:56.582723,2.07715
2022-05-27 21:09:56.582723,2.07715
2022-05-27 21:09:56.582723,2.07715
2022-05-27 21:09:57.582708,2.07718
2022-05-27 21:09:57.582708,2.07718
2022-05-27 21:09:57.582708,2.07718
2022-05-27 21:09:57.582708,2.07718
2022-05-27 21:09:57.582708,2.07718
2022-05-27 21:09:57.582708,2.07718
2022-05-27 21:09:57.582708,2.07718
2022-05-27 21:09:57.582708,2.07718
2022-05-27 21:09:58.582731,2.07698
2022-05-27 21:09:58.582731,2.07698
2022-05-27 21:09:58.582731,2.07698
2022-05-27 21:09:58.582731,2.07698
2022-05-27 21:09:58.582731,2.07698
2022-05-27 21:09:58.582731,2.07698
2022-05-27 21:09:58.582731,2.07698
2022-05-27 21:09:58.582731,2.07698
2022-05-27 21:09:59.582740,2.07736
2022-05-27 21:09:59.582740,2.07736
2022-05-27 21:09:59.582740,2.07736
2022-05-27 21:09:59.582740,2.07736
2022-05-27 21:09:59.582740,2.07736
2022-05-27 21:09:59.582740,2.07736
2022-05-27 21:09:59.582740,2.07736
2022-05-27 21:09:59.582740,2.07736
2022-05-27 21:10:00.582741,2.07708
2022-05-27 21:10:00.582741,2.07708
2022-05-27 21:10:00.582741,2.07708
2022-05-27 21:10:00.582741,2.07708
2022-05-27 21:10:00.582741,2.07708
2022-05-27 21:10:00.582741,2.07708
2022-05-27 21:10:00.582741,2.07708
2022-05-27 21:10:00.582741,2.07708
2022-05-27 21:10:01.582745,2.07766
2022-05-27 21:10:01.582745,2.07766
2022-05-27 21:10:01.582745,2.07766
2022-05-27 21:10:01.582745,2.07766
2022-05-27 21:10:01.582745,2.07766
2022-05-27 21:10:01.582745,2.07766
2022-05-27 21:10:01.582745,2.07766
2022-05-27 21:10:01.582745,2.07766
2022-05-27 21:10:02.582742,2.07725
2022-05-27 21:10:02.582742,2.07725
2022-05-27 21:10:02.582742,2.07725
2022-05-27 21:10:02.582742,2.07725
2022-05-27 21:10:02.582742,2.07725
2022-05-27 21:10:02.582742,2.07725
2022-05-27 21:10:02.582742,2.07725
2022-05-27 21:10:02.582742,2.07725
2022-05-27 21:10:03.582756,2.0775
2022-05-27 21:10:03.582756,2.0775
2022-05-27 21:10:03.582756,2.0775
2022-05-27 21:10:03.582756,2.0775
2022-05-27 21:10:03.582756,2.0775
2022-05-27 21:10:03.582756,2.0775
2022-05-27 21:10:03.582756,2.0775
2022-05-27 21:10:03.582756,2.0775
2022-05-27 21:10:04.582748,2.07657
2022-05-27 21:10:04.582748,2.07657
2022-05-27 21:10:04.582748,2.07657
2022-05-27 21:10:04.582748,2.07657
2022-05-27 21:10:04.582748,2.07657
2022-05-27 21:10:04.582748,2.07657
2022-05-27 21:10:04.582748,2.07657
2022-05-27 21:10:04.582748,2.07657
2022-05-27 21:10:05.582755,2.07628
2022-05-27 21:10:05.582755,2.07628
2022-05-27 21:10:05.582755,2.07628
2022-05-27 21:10:05.582755,2.07628
2022-05-27 21:10:05.582755,2.07628
2022-05-27 21:10:05.582755,2.07628
2022-05-27 21:10:05.582755,2.07628
2022-05-27 21:10:05.582755,2.07628
2022-05-27 21:10:06.582757,2.07618
2022-05-27 21:10:06.582757,2.07618
2022-05-27 21:10:06.582757,2.07618
2022-05-27 21:10:06.582757,2.07618
2022-05-27 21:10:06.582757,2.07618
2022-05-27 21:10:06.582757,2.07618
2022-05-27 21:10:06.582757,2.07618
2022-05-27 21:10:06.582757,2.07618
2022-05-27 21:10:07.582756,2.07588
2022-05-27 21:10:07.582756,2.07588
2022-05-27 21:10:07.582756,2.07588
2022-05-27 21:10:07.582756,2.07588
2022-05-27 21:10:07.582756,2.07588
2022-05-27 21:10:07.582756,2.07588
2022-05-27 21:10:07.582756,2.07588
2022-05-27 21:10:07.582756,2.07588
2022-05-27 21:10:08.582899,2.0763
2022-05-27 21:10:08.582899,2.0763
2022-05-27 21:10:08.582899,2.0763
2022-05-27 21:10:08.582899,2.0763
2022-05-27 21:10:08.582899,2.0763
2022-05-27 21:10:08.582899,2.0763
2022-05-27 21:10:08.582899,2.0763
2022-05-27 21:10:08.582899,2.0763
2022-05-27 21:10:09.582768,2.07686
2022-05-27 21:10:09.582768,2.07686
2022-05-27 21:10:09.582768,2.07686
2022-05-27 21:10:09.582768,2.07686
2022-05-27 21:10:09.582768,2.07686
2022-05-27 21:10:09.582768,2.07686
2022-05-27 21:10:09.582768,2.07686
2022-05-27 21:10:09.582768,2.07686
2022-05-27 21:10:10.582750,2.07681
2022-05-27 21:10:10.582750,2.07681
2022-05-27 21:10:10.582750,2.07681
2022-05-27 21:10:10.582750,2.07681
2022-05-27 21:10:10.582750,2.07681
2022-05-27 21:10:10.582750,2.07681
2022-05-27 21:10:10.582750,2.07681
2022-05-27 21:10:10.582750,2.07681
2022-05-27 21:10:11.582751,2.07645
2022-05-27 21:10:11.582751,2.07645
2022-05-27 21:10:11.582751,2.07645
2022-05-27 21:10:11.582751,2.07645
2022-05-27 21:10:11.582751,2.07645
2022-05-27 21:10:11.582751,2.07645
2022-05-27 21:10:11.582751,2.07645
2022-05-27 21:10:11.582751,2.07645
2022-05-27 21:10:12.583491,2.07701
2022-05-27 21:10:12.583491,2.07701
2022-05-27 21:10:12.583491,2.07701
2022-05-27 21:10:12.583491,2.07701
2022-05-27 21:10:12.583491,2.07701
2022-05-27 21:10:12.583491,2.07701
2022-05-27 21:10:12.583491,2.07701
2022-05-27 21:10:12.583491,2.07701
2022-05-27 21:10:13.582773,2.07665
2022-05-27 21:10:13.582773,2.07665
2022-05-27 21:10:13.582773,2.07665
2022-05-27 21:10:13.582773,2.07665
2022-05-27 21:10:13.582773,2.07665
2022-05-27 21:10:13.582773,2.07665
2022-05-27 21:10:13.582773,2.07665
2022-05-27 21:10:13.582773,2.07665
2022-05-27 21:10:14.582746,2.07715
2022-05-27 21:10:14.582746,2.07715
2022-05-27 21:10:14.582746,2.07715
2022-05-27 21:10:14.582746,2.07715
2022-05-27 21:10:14.582746,2.07715
2022-05-27 21:10:14.582746,2.07715
2022-05-27 21:10:14.582746,2.07715
2022-05-27 21:10:14.582746,2.07715
2022-05-27 21:10:15.582768,2.07643
2022-05-27 21:10:15.582768,2.07643
2022-05-27 21:10:15.582768,2.07643
2022-05-27 21:10:15.582768,2.07643
2022-05-27 21:10:15.582768,2.07643
2022-05-27 21:10:15.582768,2.07643
2022-05-27 21:10:15.582768,2.07643
2022-05-27 21:10:15.582768,2.07643
2022-05-27 21:10:16.582772,2.07595
2022-05-27 21:10:16.582772,2.07595
2022-05-27 21:10:16.582772,2.07595
2022-05-27 21:10:16.582772,2.07595
2022-05-27 21:10:16.582772,2.07595
2022-05-27 21:10:16.582772,2.07595
2022-05-27 21:10:16.582772,2.07595
2022-05-27 21:10:16.582772,2.07595
2022-05-27 21:10:17.582769,2.07735
2022-05-27 21:10:17.582769,2.07735
2022-05-27 21:10:17.582769,2.07735
2022-05-27 21:10:17.582769,2.07735
2022-05-27 21:10:17.582769,2.07735
2022-05-27 21:10:17.582769,2.07735
2022-05-27 21:10:17.582769,2.07735
2022-05-27 21:10:17.582769,2.07735
2022-05-27 21:10:18.582754,2.07731
2022-05-27 21:10:18.582754,2.07731
2022-05-27 21:10:18.582754,2.07731
2022-05-27 21:10:18.582754,2.07731
2022-05-27 21:10:18.582754,2.07731
2022-05-27 21:10:18.582754,2.07731
2022-05-27 21:10:18.582754,2.07731
2022-05-27 21:10:18.582754,2.07731
2022-05-27 21:10:19.582786,2.07683
2022-05-27 21:10:19.582786,2.07683
2022-05-27 21:10:19.582786,2.07683
2022-05-27 21:10:19.582786,2.07683
2022-05-27 21:10:19.582786,2.07683
2022-05-27 21:10:19.582786,2.07683
2022-05-27 21:10:19.582786,2.07683
2022-05-27 21:10:19.582786,2.07683
2022-05-27 21:10:20.582779,2.07801
2022-05-27 21:10:20.582779,2.07801
2022-05-27 21:10:20.582779,2.07801
2022-05-27 21:10:20.582779,2.07801
2022-05-27 21:10:20.582779,2.07801
2022-05-27 21:10:20.582779,2.07801
2022-05-27 21:10:20.582779,2.07801
2022-05-27 21:10:20.582779,2.07801
2022-05-27 21:10:21.582774,2.07766
2022-05-27 21:10:21.582774,2.07766
2022-05-27 21:10:21.582774,2.07766
2022-05-27 21:10:21.582774,2.07766
2022-05-27 21:10:21.582774,2.07766
2022-05-27 21:10:21.582774,2.07766
2022-05-27 21:10:21.582774,2.07766
2022-05-27 21:10:21.582774,2.07766
2022-05-27 21:10:22.582802,2.07848
2022-05-27 21:10:22.582802,2.07848
2022-05-27 21:10:22.582802,2.07848
2022-05-27 21:10:22.582802,2.07848
2022-05-27 21:10:22.582802,2.07848
2022-05-27 21:10:22.582802,2.07848
2022-05-27 21:10:22.582802,2.07848
2022-05-27 21:10:22.582802,2.07848
2022-05-27 21:10:23.582795,2.07641
2022-05-27 21:10:23.582795,2.07641
2022-05-27 21:10:23.582795,2.07641
2022-05-27 21:10:23.582795,2.07641
2022-05-27 21:10:23.582795,2.07641
2022-05-27 21:10:23.582795,2.07641
2022-05-27 21:10:23.582795,2.07641
2022-05-27 21:10:23.582795,2.07641
2022-05-27 21:10:24.582785,2.07754
2022-05-27 21:10:24.582785,2.07754
2022-05-27 21:10:24.582785,2.07754
2022-05-27 21:10:24.582785,2.07754
2022-05-27 21:10:24.582785,2.07754
2022-05-27 21:10:24.582785,2.07754
2022-05-27 21:10:24.582785,2.07754
2022-05-27 21:10:24.582785,2.07754
2022-05-27 21:10:25.582792,2.07774
2022-05-27 21:10:25.582792,2.07774
2022-05-27 21:10:25.582792,2.07774
2022-05-27 21:10:25.582792,2.07774
2022-05-27 21:10:25.582792,2.07774
2022-05-27 21:10:25.582792,2.07774
2022-05-27 21:10:25.582792,2.07774
2022-05-27 21:10:25.582792,2.07774
2022-05-27 21:10:26.582786,2.07756
2022-05-27 21:10:26.582786,2.07756
2022-05-27 21:10:26.582786,2.07756
2022-05-27 21:10:26.582786,2.07756
2022-05-27 21:10:26.582786,2.07756
2022-05-27 21:10:26.582786,2.07756
2022-05-27 21:10:26.582786,2.07756
2022-05-27 21:10:26.582786,2.07756
2022-05-27 21:10:27.582792,2.07705
2022-05-27 21:10:27.582792,2.07705
2022-05-27 21:10:27.582792,2.07705
2022-05-27 21:10:27.582792,2.07705
2022-05-27 21:10:27.582792,2.07705
2022-05-27 21:10:27.582792,2.07705
2022-05-27 21:10:27.582792,2.07705
2022-05-27 21:10:27.582792,2.07705
2022-05-27 21:10:28.582789,2.07817
2022-05-27 21:10:28.582789,2.07817
2022-05-27 21:10:28.582789,2.07817
2022-05-27 21:10:28.582789,2.07817
2022-05-27 21:10:28.582789,2.07817
2022-05-27 21:10:28.582789,2.07817
2022-05-27 21:10:28.582789,2.07817
2022-05-27 21:10:28.582789,2.07817
2022-05-27 21:10:29.582794,2.07757
2022-05-27 21:10:29.582794,2.07757
2022-05-27 21:10:29.582794,2.07757
2022-05-27 21:10:29.582794,2.07757
2022-05-27 21:10:29.582794,2.07757
2022-05-27 21:10:29.582794,2.07757
2022-05-27 21:10:29.582794,2.07757
2022-05-27 21:10:29.582794,2.07757
2022-05-27 21:10:30.582782,2.07739
2022-05-27 21:10:30.582782,2.07739
2022-05-27 21:10:30.582782,2.07739
2022-05-27 21:10:30.582782,2.07739
2022-05-27 21:10:30.582782,2.07739
2022-05-27 21:10:30.582782,2.07739
2022-05-27 21:10:30.582782,2.07739
2022-05-27 21:10:30.582782,2.07739
2022-05-27 21:10:31.582800,2.07885
2022-05-27 21:10:31.582800,2.07885
2022-05-27 21:10:31.582800,2.07885
2022-05-27 21:10:31.582800,2.07885
2022-05-27 21:10:31.582800,2.07885
2022-05-27 21:10:31.582800,2.07885
2022-05-27 21:10:31.582800,2.07885
2022-05-27 21:10:31.582800,2.07885
2022-05-27 21:10:32.582884,2.07809
2022-05-27 21:10:32.582884,2.07809
2022-05-27 21:10:32.582884,2.07809
2022-05-27 21:10:32.582884,2.07809
2022-05-27 21:10:32.582884,2.07809
2022-05-27 21:10:32.582884,2.07809
2022-05-27 21:10:32.582884,2.07809
2022-05-27 21:10:32.582884,2.07809
2022-05-27 21:10:33.582803,2.0775
2022-05-27 21:10:33.582803,2.0775
2022-05-27 21:10:33.582803,2.0775
2022-05-27 21:10:33.582803,2.0775
2022-05-27 21:10:33.582803,2.0775
2022-05-27 21:10:33.582803,2.0775
2022-05-27 21:10:33.582803,2.0775
2022-05-27 21:10:33.582803,2.0775
2022-05-27 21:10:34.582827,2.07844
2022-05-27 21:10:34.582827,2.07844
2022-05-27 21:10:34.582827,2.07844
2022-05-27 21:10:34.582827,2.07844
2022-05-27 21:10:34.582827,2.07844
2022-05-27 21:10:34.582827,2.07844
2022-05-27 21:10:34.582827,2.07844
2022-05-27 21:10:34.582827,2.07844
2022-05-27 21:10:35.582796,2.07909
2022-05-27 21:10:35.582796,2.07909
2022-05-27 21:10:35.582796,2.07909
2022-05-27 21:10:35.582796,2.07909
2022-05-27 21:10:35.582796,2.07909
2022-05-27 21:10:35.582796,2.07909
2022-05-27 21:10:35.582796,2.07909
2022-05-27 21:10:35.582796,2.07909
2022-05-27 21:10:36.582821,2.0782
2022-05-27 21:10:36.582821,2.0782
2022-05-27 21:10:36.582821,2.0782
2022-05-27 21:10:36.582821,2.0782
2022-05-27 21:10:36.582821,2.0782
2022-05-27 21:10:36.582821,2.0782
2022-05-27 21:10:36.582821,2.0782
2022-05-27 21:10:36.582821,2.0782
2022-05-27 21:10:37.582803,2.07801
2022-05-27 21:10:37.582803,2.07801
2022-05-27 21:10:37.582803,2.07801
2022-05-27 21:10:37.582803,2.07801
2022-05-27 21:10:37.582803,2.07801
2022-05-27 21:10:37.582803,2.07801
2022-05-27 21:10:37.582803,2.07801
2022-05-27 21:10:37.582803,2.07801
2022-05-27 21:10:38.582792,2.0783
2022-05-27 21:10:38.582792,2.0783
2022-05-27 21:10:38.582792,2.0783
2022-05-27 21:10:38.582792,2.0783
2022-05-27 21:10:38.582792,2.0783
2022-05-27 21:10:38.582792,2.0783
2022-05-27 21:10:38.582792,2.0783
2022-05-27 21:10:38.582792,2.0783
2022-05-27 21:10:39.582806,2.07853
2022-05-27 21:10:39.582806,2.07853
2022-05-27 21:10:39.582806,2.07853
2022-05-27 21:10:39.582806,2.07853
2022-05-27 21:10:39.582806,2.07853
2022-05-27 21:10:39.582806,2.07853
2022-05-27 21:10:39.582806,2.07853
2022-05-27 21:10:39.582806,2.07853
2022-05-27 21:10:40.582790,2.07922
2022-05-27 21:10:40.582790,2.07922
2022-05-27 21:10:40.582790,2.07922
2022-05-27 21:10:40.582790,2.07922
2022-05-27 21:10:40.582790,2.07922
2022-05-27 21:10:40.582790,2.07922
2022-05-27 21:10:40.582790,2.07922
2022-05-27 21:10:40.582790,2.07922
2022-05-27 21:10:41.582801,2.07797
2022-05-27 21:10:41.582801,2.07797
2022-05-27 21:10:41.582801,2.07797
2022-05-27 21:10:41.582801,2.07797
2022-05-27 21:10:41.582801,2.07797
2022-05-27 21:10:41.582801,2.07797
2022-05-27 21:10:41.582801,2.07797
2022-05-27 21:10:41.582801,2.07797
2022-05-27 21:10:42.582802,2.07685
2022-05-27 21:10:42.582802,2.07685
2022-05-27 21:10:42.582802,2.07685
2022-05-27 21:10:42.582802,2.07685
2022-05-27 21:10:42.582802,2.07685
2022-05-27 21:10:42.582802,2.07685
2022-05-27 21:10:42.582802,2.07685
2022-05-27 21:10:42.582802,2.07685
2022-05-27 21:10:43.582812,2.07751
2022-05-27 21:10:43.582812,2.07751
2022-05-27 21:10:43.582812,2.07751
2022-05-27 21:10:43.582812,2.07751
2022-05-27 21:10:43.582812,2.07751
2022-05-27 21:10:43.582812,2.07751
2022-05-27 21:10:43.582812,2.07751
2022-05-27 21:10:43.582812,2.07751
2022-05-27 21:10:44.582907,2.07816
2022-05-27 21:10:44.582907,2.07816
2022-05-27 21:10:44.582907,2.07816
2022-05-27 21:10:44.582907,2.07816
2022-05-27 21:10:44.582907,2.07816
2022-05-27 21:10:44.582907,2.07816
2022-05-27 21:10:44.582907,2.07816
2022-05-27 21:10:44.582907,2.07816
2022-05-27 21:10:45.582814,2.07727
2022-05-27 21:10:45.582814,2.07727
2022-05-27 21:10:45.582814,2.07727
2022-05-27 21:10:45.582814,2.07727
2022-05-27 21:10:45.582814,2.07727
2022-05-27 21:10:45.582814,2.07727
2022-05-27 21:10:45.582814,2.07727
2022-05-27 21:10:45.582814,2.07727
2022-05-27 21:10:46.582840,2.07887
2022-05-27 21:10:46.582840,2.07887
2022-05-27 21:10:46.582840,2.07887
2022-05-27 21:10:46.582840,2.07887
2022-05-27 21:10:46.582840,2.07887
2022-05-27 21:10:46.582840,2.07887
2022-05-27 21:10:46.582840,2.07887
2022-05-27 21:10:46.582840,2.07887
2022-05-27 21:10:47.582812,2.07739
2022-05-27 21:10:47.582812,2.07739
2022-05-27 21:10:47.582812,2.07739
2022-05-27 21:10:47.582812,2.07739
2022-05-27 21:10:47.582812,2.07739
2022-05-27 21:10:47.582812,2.07739
2022-05-27 21:10:47.582812,2.07739
2022-05-27 21:10:47.582812,2.07739
2022-05-27 21:10:48.582815,2.07714
2022-05-27 21:10:48.582815,2.07714
2022-05-27 21:10:48.582815,2.07714
2022-05-27 21:10:48.582815,2.07714
2022-05-27 21:10:48.582815,2.07714
2022-05-27 21:10:48.582815,2.07714
2022-05-27 21:10:48.582815,2.07714
2022-05-27 21:10:48.582815,2.07714
2022-05-27 21:10:49.582824,2.07778
2022-05-27 21:10:49.582824,2.07778
2022-05-27 21:10:49.582824,2.07778
2022-05-27 21:10:49.582824,2.07778
2022-05-27 21:10:49.582824,2.07778
2022-05-27 21:10:49.582824,2.07778
2022-05-27 21:10:49.582824,2.07778
2022-05-27 21:10:49.582824,2.07778
2022-05-27 21:10:50.582820,2.07721
2022-05-27 21:10:50.582820,2.07721
2022-05-27 21:10:50.582820,2.07721
2022-05-27 21:10:50.582820,2.07721
2022-05-27 21:10:50.582820,2.07721
2022-05-27 21:10:50.582820,2.07721
2022-05-27 21:10:50.582820,2.07721
2022-05-27 21:10:50.582820,2.07721
2022-05-27 21:10:51.582816,2.07744
2022-05-27 21:10:51.582816,2.07744
2022-05-27 21:10:51.582816,2.07744
2022-05-27 21:10:51.582816,2.07744
2022-05-27 21:10:51.582816,2.07744
2022-05-27 21:10:51.582816,2.07744
2022-05-27 21:10:51.582816,2.07744
2022-05-27 21:10:51.582816,2.07744
2022-05-27 21:10:52.582907,2.07737
2022-05-27 21:10:52.582907,2.07737
2022-05-27 21:10:52.582907,2.07737
2022-05-27 21:10:52.582907,2.07737
2022-05-27 21:10:52.582907,2.07737
2022-05-27 21:10:52.582907,2.07737
2022-05-27 21:10:52.582907,2.07737
2022-05-27 21:10:52.582907,2.07737
2022-05-27 21:10:53.582832,2.07769
2022-05-27 21:10:53.582832,2.07769
2022-05-27 21:10:53.582832,2.07769
2022-05-27 21:10:53.582832,2.07769
2022-05-27 21:10:53.582832,2.07769
2022-05-27 21:10:53.582832,2.07769
2022-05-27 21:10:53.582832,2.07769
2022-05-27 21:10:53.582832,2.07769
2022-05-27 21:10:54.582826,2.07759
2022-05-27 21:10:54.582826,2.07759
2022-05-27 21:10:54.582826,2.07759
2022-05-27 21:10:54.582826,2.07759
2022-05-27 21:10:54.582826,2.07759
2022-05-27 21:10:54.582826,2.07759
2022-05-27 21:10:54.582826,2.07759
2022-05-27 21:10:54.582826,2.07759
2022-05-27 21:10:55.582844,2.07682
2022-05-27 21:10:55.582844,2.07682
2022-05-27 21:10:55.582844,2.07682
2022-05-27 21:10:55.582844,2.07682
2022-05-27 21:10:55.582844,2.07682
2022-05-27 21:10:55.582844,2.07682
2022-05-27 21:10:55.582844,2.07682
2022-05-27 21:10:55.582844,2.07682
2022-05-27 21:10:56.582836,2.07826
2022-05-27 21:10:56.582836,2.07826
2022-05-27 21:10:56.582836,2.07826
2022-05-27 21:10:56.582836,2.07826
2022-05-27 21:10:56.582836,2.07826
2022-05-27 21:10:56.582836,2.07826
2022-05-27 21:10:56.582836,2.07826
2022-05-27 21:10:56.582836,2.07826
2022-05-27 21:10:57.582836,2.07768
2022-05-27 21:10:57.582836,2.07768
2022-05-27 21:10:57.582836,2.07768
2022-05-27 21:10:57.582836,2.07768
2022-05-27 21:10:57.582836,2.07768
2022-05-27 21:10:57.582836,2.07768
2022-05-27 21:10:57.582836,2.07768
2022-05-27 21:10:57.582836,2.07768
2022-05-27 21:10:58.582917,2.07721
2022-05-27 21:10:58.582917,2.07721
2022-05-27 21:10:58.582917,2.07721
2022-05-27 21:10:58.582917,2.07721
2022-05-27 21:10:58.582917,2.07721
2022-05-27 21:10:58.582917,2.07721
2022-05-27 21:10:58.582917,2.07721
2022-05-27 21:10:58.582917,2.07721
2022-05-27 21:10:59.582841,2.07746
2022-05-27 21:10:59.582841,2.07746
2022-05-27 21:10:59.582841,2.07746
2022-05-27 21:10:59.582841,2.07746
2022-05-27 21:10:59.582841,2.07746
2022-05-27 21:10:59.582841,2.07746
2022-05-27 21:10:59.582841,2.07746
2022-05-27 21:10:59.582841,2.07746
2022-05-27 21:11:00.582836,2.07663
2022-05-27 21:11:00.582836,2.07663
2022-05-27 21:11:00.582836,2.07663
2022-05-27 21:11:00.582836,2.07663
2022-05-27 21:11:00.582836,2.07663
2022-05-27 21:11:00.582836,2.07663
2022-05-27 21:11:00.582836,2.07663
2022-05-27 21:11:00.582836,2.07663
2022-05-27 21:11:01.582847,2.07631
2022-05-27 21:11:01.582847,2.07631
2022-05-27 21:11:01.582847,2.07631
2022-05-27 21:11:01.582847,2.07631
2022-05-27 21:11:01.582847,2.07631
2022-05-27 21:11:01.582847,2.07631
2022-05-27 21:11:01.582847,2.07631
2022-05-27 21:11:01.582847,2.07631
2022-05-27 21:11:02.582884,2.07629
2022-05-27 21:11:02.582884,2.07629
2022-05-27 21:11:02.582884,2.07629
2022-05-27 21:11:02.582884,2.07629
2022-05-27 21:11:02.582884,2.07629
2022-05-27 21:11:02.582884,2.07629
2022-05-27 21:11:02.582884,2.07629
2022-05-27 21:11:02.582884,2.07629
2022-05-27 21:11:41.835216,2.07989
2022-05-27 21:11:41.835216,2.07989
2022-05-27 21:11:42.835226,2.0802
2022-05-27 21:11:42.835226,2.0802
2022-05-27 21:11:43.835687,2.08061
2022-05-27 21:11:43.835687,2.08061
2022-05-27 21:11:44.835227,2.07977
2022-05-27 21:11:44.835227,2.07977
2022-05-27 21:11:45.835211,2.08035
2022-05-27 21:11:45.835211,2.08035
2022-05-27 21:11:46.835207,2.08155
2022-05-27 21:11:46.835207,2.08155
2022-05-27 21:11:47.835213,2.08044
2022-05-27 21:11:47.835213,2.08044
2022-05-27 21:11:48.835215,2.07951
2022-05-27 21:11:48.835215,2.07951
2022-05-27 21:11:49.835231,2.08013
2022-05-27 21:11:49.835231,2.08013
2022-05-27 21:11:50.835213,2.0801
2022-05-27 21:11:50.835213,2.0801
2022-05-27 21:11:51.835211,2.07993
2022-05-27 21:11:51.835211,2.07993
2022-05-27 21:11:52.835215,2.07975
2022-05-27 21:11:52.835215,2.07975
2022-05-27 21:11:53.835225,2.07972
2022-05-27 21:11:53.835225,2.07972
2022-05-27 21:11:54.835241,2.07909
2022-05-27 21:11:54.835241,2.07909
2022-05-27 21:11:55.835223,2.08025
2022-05-27 21:11:55.835223,2.08025
2022-05-27 21:11:56.835218,2.08094
2022-05-27 21:11:56.835218,2.08094
2022-05-27 21:11:57.835227,2.08773
2022-05-27 21:11:57.835227,2.08773
2022-05-27 21:11:58.835229,2.10973
2022-05-27 21:11:58.835229,2.10973
2022-05-27 21:11:59.835258,2.12545
2022-05-27 21:11:59.835258,2.12545
2022-05-27 21:12:00.835233,2.14437
2022-05-27 21:12:00.835233,2.14437
2022-05-27 21:12:01.835228,2.16906
2022-05-27 21:12:01.835228,2.16906
2022-05-27 21:12:02.835239,2.18072
2022-05-27 21:12:02.835239,2.18072
2022-05-27 21:12:03.835246,2.18301
2022-05-27 21:12:03.835246,2.18301
2022-05-27 21:12:04.835452,2.18451
2022-05-27 21:12:04.835452,2.18451
2022-05-27 21:12:05.835253,2.1853
2022-05-27 21:12:05.835253,2.1853
2022-05-27 21:12:05.835253,2.1853
2022-05-27 21:12:06.835246,2.1852
2022-05-27 21:12:06.835246,2.1852
2022-05-27 21:12:06.835246,2.1852
2022-05-27 21:12:07.835248,2.18553
2022-05-27 21:12:07.835248,2.18553
2022-05-27 21:12:07.835248,2.18553
2022-05-27 21:12:08.835241,2.18736
2022-05-27 21:12:08.835241,2.18736
2022-05-27 21:12:08.835241,2.18736
2022-05-27 21:12:09.835285,2.18833
2022-05-27 21:12:09.835285,2.18833
2022-05-27 21:12:09.835285,2.18833
2022-05-27 21:12:10.835275,2.1903
2022-05-27 21:12:10.835275,2.1903
2022-05-27 21:12:10.835275,2.1903
2022-05-27 21:12:11.835274,2.1901
2022-05-27 21:12:11.835274,2.1901
2022-05-27 21:12:11.835274,2.1901
2022-05-27 21:12:12.835277,2.1895
2022-05-27 21:12:12.835277,2.1895
2022-05-27 21:12:12.835277,2.1895
2022-05-27 21:12:13.835274,2.19026
2022-05-27 21:12:13.835274,2.19026
2022-05-27 21:12:13.835274,2.19026
2022-05-27 21:12:14.835392,2.19113
2022-05-27 21:12:14.835392,2.19113
2022-05-27 21:12:14.835392,2.19113
2022-05-27 21:12:15.835280,2.19066
2022-05-27 21:12:15.835280,2.19066
2022-05-27 21:12:15.835280,2.19066
2022-05-27 21:12:16.835294,2.19151
2022-05-27 21:12:16.835294,2.19151
2022-05-27 21:12:16.835294,2.19151
2022-05-27 21:12:17.836127,2.19142
2022-05-27 21:12:17.836127,2.19142
2022-05-27 21:12:17.836127,2.19142
2022-05-27 21:12:18.835283,2.19142
2022-05-27 21:12:18.835283,2.19142
2022-05-27 21:12:18.835283,2.19142
2022-05-27 21:12:19.835334,2.19192
2022-05-27 21:12:19.835334,2.19192
2022-05-27 21:12:19.835334,2.19192
2022-05-27 21:12:20.835284,2.19118
2022-05-27 21:12:20.835284,2.19118
2022-05-27 21:12:20.835284,2.19118
2022-05-27 21:12:21.835293,2.1915
2022-05-27 21:12:21.835293,2.1915
2022-05-27 21:12:21.835293,2.1915
2022-05-27 21:12:22.835287,2.19159
2022-05-27 21:12:22.835287,2.19159
2022-05-27 21:12:22.835287,2.19159
2022-05-27 21:12:23.835299,2.1923
2022-05-27 21:12:23.835299,2.1923
2022-05-27 21:12:23.835299,2.1923
2022-05-27 21:12:24.835439,2.19266
2022-05-27 21:12:24.835439,2.19266
2022-05-27 21:12:24.835439,2.19266
2022-05-27 21:12:25.835290,2.19095
2022-05-27 21:12:25.835290,2.19095
2022-05-27 21:12:25.835290,2.19095
2022-05-27 21:12:26.835298,2.19036
2022-05-27 21:12:26.835298,2.19036
2022-05-27 21:12:26.835298,2.19036
2022-05-27 21:12:27.835312,2.1916
2022-05-27 21:12:27.835312,2.1916
2022-05-27 21:12:27.835312,2.1916
2022-05-27 21:12:28.835331,2.19073
2022-05-27 21:12:28.835331,2.19073
2022-05-27 21:12:28.835331,2.19073
2022-05-27 21:12:29.835310,2.1908
2022-05-27 21:12:29.835310,2.1908
2022-05-27 21:12:29.835310,2.1908
2022-05-27 21:12:30.835339,2.19092
2022-05-27 21:12:30.835339,2.19092
2022-05-27 21:12:30.835339,2.19092
2022-05-27 21:12:31.835332,2.19117
2022-05-27 21:12:31.835332,2.19117
2022-05-27 21:12:31.835332,2.19117
2022-05-27 21:12:32.835328,2.19092
2022-05-27 21:12:32.835328,2.19092
2022-05-27 21:12:32.835328,2.19092
2022-05-27 21:12:33.835328,2.19174
2022-05-27 21:12:33.835328,2.19174
2022-05-27 21:12:33.835328,2.19174
2022-05-27 21:12:34.835319,2.19082
2022-05-27 21:12:34.835319,2.19082
2022-05-27 21:12:34.835319,2.19082
2022-05-27 21:12:35.835342,2.19141
2022-05-27 21:12:35.835342,2.19141
2022-05-27 21:12:35.835342,2.19141
2022-05-27 21:12:36.835333,2.19086
2022-05-27 21:12:36.835333,2.19086
2022-05-27 21:12:36.835333,2.19086
2022-05-27 21:12:37.835339,2.19043
2022-05-27 21:12:37.835339,2.19043
2022-05-27 21:12:37.835339,2.19043
2022-05-27 21:12:38.835355,2.19111
2022-05-27 21:12:38.835355,2.19111
2022-05-27 21:12:38.835355,2.19111
2022-05-27 21:12:39.835359,2.19163
2022-05-27 21:12:39.835359,2.19163
2022-05-27 21:12:39.835359,2.19163
2022-05-27 21:12:40.835349,2.19106
2022-05-27 21:12:40.835349,2.19106
2022-05-27 21:12:40.835349,2.19106
2022-05-27 21:12:41.835349,2.1898
2022-05-27 21:12:41.835349,2.1898
2022-05-27 21:12:41.835349,2.1898
2022-05-27 21:12:42.835362,2.19043
2022-05-27 21:12:42.835362,2.19043
2022-05-27 21:12:42.835362,2.19043
2022-05-27 21:12:43.835359,2.19104
2022-05-27 21:12:43.835359,2.19104
2022-05-27 21:12:43.835359,2.19104
2022-05-27 21:12:44.835342,2.191
2022-05-27 21:12:44.835342,2.191
2022-05-27 21:12:44.835342,2.191
2022-05-27 21:12:45.835348,2.19012
2022-05-27 21:12:45.835348,2.19012
2022-05-27 21:12:45.835348,2.19012
2022-05-27 21:12:46.835342,2.19061
2022-05-27 21:12:46.835342,2.19061
2022-05-27 21:12:46.835342,2.19061
2022-05-27 21:12:47.835348,2.19105
2022-05-27 21:12:47.835348,2.19105
2022-05-27 21:12:47.835348,2.19105
2022-05-27 21:12:48.835346,2.19029
2022-05-27 21:12:48.835346,2.19029
2022-05-27 21:12:48.835346,2.19029
2022-05-27 21:12:49.835361,2.19096
2022-05-27 21:12:49.835361,2.19096
2022-05-27 21:12:49.835361,2.19096
2022-05-27 21:12:50.835351,2.19057
2022-05-27 21:12:50.835351,2.19057
2022-05-27 21:12:50.835351,2.19057
2022-05-27 21:12:51.835357,2.19058
2022-05-27 21:12:51.835357,2.19058
2022-05-27 21:12:51.835357,2.19058
2022-05-27 21:12:52.835357,2.18985
2022-05-27 21:12:52.835357,2.18985
2022-05-27 21:12:52.835357,2.18985
2022-05-27 21:12:53.835364,2.19022
2022-05-27 21:12:53.835364,2.19022
2022-05-27 21:12:53.835364,2.19022
2022-05-27 21:12:54.835364,2.19172
2022-05-27 21:12:54.835364,2.19172
2022-05-27 21:12:54.835364,2.19172
2022-05-27 21:12:55.835388,2.19092
2022-05-27 21:12:55.835388,2.19092
2022-05-27 21:12:55.835388,2.19092
2022-05-27 21:12:56.835368,2.19022
2022-05-27 21:12:56.835368,2.19022
2022-05-27 21:12:56.835368,2.19022
2022-05-27 21:12:57.835379,2.19071
2022-05-27 21:12:57.835379,2.19071
2022-05-27 21:12:57.835379,2.19071
2022-05-27 21:12:58.835376,2.19162
2022-05-27 21:12:58.835376,2.19162
2022-05-27 21:12:58.835376,2.19162
2022-05-27 21:12:59.835386,2.19181
2022-05-27 21:12:59.835386,2.19181
2022-05-27 21:12:59.835386,2.19181
2022-05-27 21:13:00.835381,2.1914
2022-05-27 21:13:00.835381,2.1914
2022-05-27 21:13:00.835381,2.1914
2022-05-27 21:13:01.835390,2.19209
2022-05-27 21:13:01.835390,2.19209
2022-05-27 21:13:01.835390,2.19209
2022-05-27 21:13:02.835379,2.19097
2022-05-27 21:13:02.835379,2.19097
2022-05-27 21:13:02.835379,2.19097
2022-05-27 21:13:03.835393,2.19018
2022-05-27 21:13:03.835393,2.19018
2022-05-27 21:13:03.835393,2.19018
2022-05-27 21:13:04.835389,2.19131
2022-05-27 21:13:04.835389,2.19131
2022-05-27 21:13:04.835389,2.19131
2022-05-27 21:13:05.835402,2.19087
2022-05-27 21:13:05.835402,2.19087
2022-05-27 21:13:05.835402,2.19087
2022-05-27 21:13:06.835390,2.19097
2022-05-27 21:13:06.835390,2.19097
2022-05-27 21:13:06.835390,2.19097
2022-05-27 21:13:07.835400,2.19103
2022-05-27 21:13:07.835400,2.19103
2022-05-27 21:13:07.835400,2.19103
2022-05-27 21:13:08.835396,2.19113
2022-05-27 21:13:08.835396,2.19113
2022-05-27 21:13:08.835396,2.19113
2022-05-27 21:13:09.835411,2.19224
2022-05-27 21:13:09.835411,2.19224
2022-05-27 21:13:09.835411,2.19224
2022-05-27 21:13:10.835407,2.1916
2022-05-27 21:13:10.835407,2.1916
2022-05-27 21:13:10.835407,2.1916
2022-05-27 21:13:11.835416,2.19157
2022-05-27 21:13:11.835416,2.19157
2022-05-27 21:13:11.835416,2.19157
2022-05-27 21:13:12.835412,2.19168
2022-05-27 21:13:12.835412,2.19168
2022-05-27 21:13:12.835412,2.19168
2022-05-27 21:13:13.835415,2.19169
2022-05-27 21:13:13.835415,2.19169
2022-05-27 21:13:13.835415,2.19169
2022-05-27 21:13:14.835418,2.19219
2022-05-27 21:13:14.835418,2.19219
2022-05-27 21:13:14.835418,2.19219
2022-05-27 21:13:15.835425,2.19248
2022-05-27 21:13:15.835425,2.19248
2022-05-27 21:13:15.835425,2.19248
2022-05-27 21:13:16.835436,2.19155
2022-05-27 21:13:16.835436,2.19155
2022-05-27 21:13:16.835436,2.19155
2022-05-27 21:13:17.835439,2.19163
2022-05-27 21:13:17.835439,2.19163
2022-05-27 21:13:17.835439,2.19163
2022-05-27 21:13:18.835432,2.19229
2022-05-27 21:13:18.835432,2.19229
2022-05-27 21:13:18.835432,2.19229
2022-05-27 21:13:19.835434,2.19195
2022-05-27 21:13:19.835434,2.19195
2022-05-27 21:13:19.835434,2.19195
2022-05-27 21:13:20.835438,2.19238
2022-05-27 21:13:20.835438,2.19238
2022-05-27 21:13:20.835438,2.19238
2022-05-27 21:13:21.835438,2.19276
2022-05-27 21:13:21.835438,2.19276
2022-05-27 21:13:21.835438,2.19276
2022-05-27 21:13:22.835488,2.1918
2022-05-27 21:13:22.835488,2.1918
2022-05-27 21:13:22.835488,2.1918
2022-05-27 21:13:23.835444,2.1923
2022-05-27 21:13:23.835444,2.1923
2022-05-27 21:13:23.835444,2.1923
2022-05-27 21:13:24.835439,2.19449
2022-05-27 21:13:24.835439,2.19449
2022-05-27 21:13:24.835439,2.19449
2022-05-27 21:13:25.835454,2.19285
2022-05-27 21:13:25.835454,2.19285
2022-05-27 21:13:25.835454,2.19285
2022-05-27 21:13:26.835442,2.19274
2022-05-27 21:13:26.835442,2.19274
2022-05-27 21:13:26.835442,2.19274
2022-05-27 21:13:27.835445,2.19298
2022-05-27 21:13:27.835445,2.19298
2022-05-27 21:13:27.835445,2.19298
2022-05-27 21:13:28.835442,2.19203
2022-05-27 21:13:28.835442,2.19203
2022-05-27 21:13:28.835442,2.19203
2022-05-27 21:13:29.835452,2.1924
2022-05-27 21:13:29.835452,2.1924
2022-05-27 21:13:29.835452,2.1924
2022-05-27 21:13:30.835545,2.19187
2022-05-27 21:13:30.835545,2.19187
2022-05-27 21:13:30.835545,2.19187
2022-05-27 21:13:31.835469,2.19173
2022-05-27 21:13:31.835469,2.19173
2022-05-27 21:13:31.835469,2.19173
2022-05-27 21:13:32.835469,2.19209
2022-05-27 21:13:32.835469,2.19209
2022-05-27 21:13:32.835469,2.19209
2022-05-27 21:13:33.835471,2.19202
2022-05-27 21:13:33.835471,2.19202
2022-05-27 21:13:33.835471,2.19202
2022-05-27 21:13:34.835465,2.19229
2022-05-27 21:13:34.835465,2.19229
2022-05-27 21:13:34.835465,2.19229
2022-05-27 21:13:35.835488,2.19248
2022-05-27 21:13:35.835488,2.19248
2022-05-27 21:13:35.835488,2.19248
2022-05-27 21:13:36.835487,2.19296
2022-05-27 21:13:36.835487,2.19296
2022-05-27 21:13:36.835487,2.19296
2022-05-27 21:13:37.835483,2.19297
2022-05-27 21:13:37.835483,2.19297
2022-05-27 21:13:37.835483,2.19297
2022-05-27 21:13:38.835512,2.19293
2022-05-27 21:13:38.835512,2.19293
2022-05-27 21:13:38.835512,2.19293
2022-05-27 21:13:39.835490,2.19258
2022-05-27 21:13:39.835490,2.19258
2022-05-27 21:13:39.835490,2.19258
2022-05-27 21:13:40.835489,2.19329
2022-05-27 21:13:40.835489,2.19329
2022-05-27 21:13:40.835489,2.19329
2022-05-27 21:13:41.835511,2.19252
2022-05-27 21:13:41.835511,2.19252
2022-05-27 21:13:41.835511,2.19252
2022-05-27 21:13:42.835485,2.1922
2022-05-27 21:13:42.835485,2.1922
2022-05-27 21:13:42.835485,2.1922
2022-05-27 21:13:43.835489,2.19217
2022-05-27 21:13:43.835489,2.19217
2022-05-27 21:13:43.835489,2.19217
2022-05-27 21:13:44.835495,2.19183
2022-05-27 21:13:44.835495,2.19183
2022-05-27 21:13:44.835495,2.19183
2022-05-27 21:13:45.835650,2.19163
2022-05-27 21:13:45.835650,2.19163
2022-05-27 21:13:45.835650,2.19163
2022-05-27 21:13:46.835639,2.19241
2022-05-27 21:13:46.835639,2.19241
2022-05-27 21:13:46.835639,2.19241
2022-05-27 21:13:47.835511,2.19326
2022-05-27 21:13:47.835511,2.19326
2022-05-27 21:13:47.835511,2.19326
2022-05-27 21:13:48.835500,2.19253
2022-05-27 21:13:48.835500,2.19253
2022-05-27 21:13:48.835500,2.19253
2022-05-27 21:13:49.835512,2.19251
2022-05-27 21:13:49.835512,2.19251
2022-05-27 21:13:49.835512,2.19251
2022-05-27 21:13:50.835504,2.19253
2022-05-27 21:13:50.835504,2.19253
2022-05-27 21:13:50.835504,2.19253
2022-05-27 21:13:51.835503,2.19288
2022-05-27 21:13:51.835503,2.19288
2022-05-27 21:13:51.835503,2.19288
2022-05-27 21:13:52.835495,2.19289
2022-05-27 21:13:52.835495,2.19289
2022-05-27 21:13:52.835495,2.19289
2022-05-27 21:13:53.835517,2.19251
2022-05-27 21:13:53.835517,2.19251
2022-05-27 21:13:53.835517,2.19251
2022-05-27 21:13:54.835501,2.19366
2022-05-27 21:13:54.835501,2.19366
2022-05-27 21:13:54.835501,2.19366
2022-05-27 21:13:55.835523,2.193
2022-05-27 21:13:55.835523,2.193
2022-05-27 21:13:55.835523,2.193
2022-05-27 21:13:56.835497,2.19247
2022-05-27 21:13:56.835497,2.19247
2022-05-27 21:13:56.835497,2.19247
2022-05-27 21:13:57.835528,2.19329
2022-05-27 21:13:57.835528,2.19329
2022-05-27 21:13:57.835528,2.19329
2022-05-27 21:13:58.835514,2.19379
2022-05-27 21:13:58.835514,2.19379
2022-05-27 21:13:58.835514,2.19379
2022-05-27 21:13:59.835530,2.19324
2022-05-27 21:13:59.835530,2.19324
2022-05-27 21:13:59.835530,2.19324
2022-05-27 21:14:00.835516,2.19278
2022-05-27 21:14:00.835516,2.19278
2022-05-27 21:14:00.835516,2.19278
2022-05-27 21:14:01.835529,2.1925
2022-05-27 21:14:01.835529,2.1925
2022-05-27 21:14:01.835529,2.1925
2022-05-27 21:14:02.835521,2.19212
2022-05-27 21:14:02.835521,2.19212
2022-05-27 21:14:02.835521,2.19212
2022-05-27 21:14:03.835519,2.19346
2022-05-27 21:14:03.835519,2.19346
2022-05-27 21:14:03.835519,2.19346
2022-05-27 21:14:04.835523,2.19378
2022-05-27 21:14:04.835523,2.19378
2022-05-27 21:14:04.835523,2.19378
2022-05-27 21:14:04.835523,2.19378
2022-05-27 21:14:04.835523,2.19378
2022-05-27 21:14:04.835523,2.19378
2022-05-27 21:14:04.835523,2.19378
2022-05-27 21:14:05.835525,2.19331
2022-05-27 21:14:05.835525,2.19331
2022-05-27 21:14:05.835525,2.19331
2022-05-27 21:14:05.835525,2.19331
2022-05-27 21:14:05.835525,2.19331
2022-05-27 21:14:05.835525,2.19331
2022-05-27 21:14:05.835525,2.19331
2022-05-27 21:14:06.835530,2.19331
2022-05-27 21:14:06.835530,2.19331
2022-05-27 21:14:06.835530,2.19331
2022-05-27 21:14:06.835530,2.19331
2022-05-27 21:14:06.835530,2.19331
2022-05-27 21:14:06.835530,2.19331
2022-05-27 21:14:06.835530,2.19331
2022-05-27 21:14:07.835543,2.19392
2022-05-27 21:14:07.835543,2.19392
2022-05-27 21:14:07.835543,2.19392
2022-05-27 21:14:07.835543,2.19392
2022-05-27 21:14:07.835543,2.19392
2022-05-27 21:14:07.835543,2.19392
2022-05-27 21:14:07.835543,2.19392
2022-05-27 21:14:08.835526,2.19361
2022-05-27 21:14:08.835526,2.19361
2022-05-27 21:14:08.835526,2.19361
2022-05-27 21:14:08.835526,2.19361
2022-05-27 21:14:08.835526,2.19361
2022-05-27 21:14:08.835526,2.19361
2022-05-27 21:14:08.835526,2.19361
2022-05-27 21:14:09.835534,2.19308
2022-05-27 21:14:09.835534,2.19308
2022-05-27 21:14:09.835534,2.19308
2022-05-27 21:14:09.835534,2.19308
2022-05-27 21:14:09.835534,2.19308
2022-05-27 21:14:09.835534,2.19308
2022-05-27 21:14:09.835534,2.19308
2022-05-27 21:14:10.835554,2.19389
2022-05-27 21:14:10.835554,2.19389
2022-05-27 21:14:10.835554,2.19389
2022-05-27 21:14:10.835554,2.19389
2022-05-27 21:14:10.835554,2.19389
2022-05-27 21:14:10.835554,2.19389
2022-05-27 21:14:10.835554,2.19389
2022-05-27 21:14:11.835546,2.19308
2022-05-27 21:14:11.835546,2.19308
2022-05-27 21:14:11.835546,2.19308
2022-05-27 21:14:11.835546,2.19308
2022-05-27 21:14:11.835546,2.19308
2022-05-27 21:14:11.835546,2.19308
2022-05-27 21:14:11.835546,2.19308
2022-05-27 21:14:12.835535,2.19305
2022-05-27 21:14:12.835535,2.19305
2022-05-27 21:14:12.835535,2.19305
2022-05-27 21:14:12.835535,2.19305
2022-05-27 21:14:12.835535,2.19305
2022-05-27 21:14:12.835535,2.19305
2022-05-27 21:14:12.835535,2.19305
2022-05-27 21:14:13.835540,2.19383
2022-05-27 21:14:13.835540,2.19383
2022-05-27 21:14:13.835540,2.19383
2022-05-27 21:14:13.835540,2.19383
2022-05-27 21:14:13.835540,2.19383
2022-05-27 21:14:13.835540,2.19383
2022-05-27 21:14:13.835540,2.19383
2022-05-27 21:14:14.835537,2.19306
2022-05-27 21:14:14.835537,2.19306
2022-05-27 21:14:14.835537,2.19306
2022-05-27 21:14:14.835537,2.19306
2022-05-27 21:14:14.835537,2.19306
2022-05-27 21:14:14.835537,2.19306
2022-05-27 21:14:14.835537,2.19306
2022-05-27 21:14:15.835551,2.19285
2022-05-27 21:14:15.835551,2.19285
2022-05-27 21:14:15.835551,2.19285
2022-05-27 21:14:15.835551,2.19285
2022-05-27 21:14:15.835551,2.19285
2022-05-27 21:14:15.835551,2.19285
2022-05-27 21:14:15.835551,2.19285
2022-05-27 21:14:16.835550,2.19369
2022-05-27 21:14:16.835550,2.19369
2022-05-27 21:14:16.835550,2.19369
2022-05-27 21:14:16.835550,2.19369
2022-05-27 21:14:16.835550,2.19369
2022-05-27 21:14:16.835550,2.19369
2022-05-27 21:14:16.835550,2.19369
2022-05-27 21:14:17.835549,2.19254
2022-05-27 21:14:17.835549,2.19254
2022-05-27 21:14:17.835549,2.19254
2022-05-27 21:14:17.835549,2.19254
2022-05-27 21:14:17.835549,2.19254
2022-05-27 21:14:17.835549,2.19254
2022-05-27 21:14:17.835549,2.19254
2022-05-27 21:14:18.835544,2.19268
2022-05-27 21:14:18.835544,2.19268
2022-05-27 21:14:18.835544,2.19268
2022-05-27 21:14:18.835544,2.19268
2022-05-27 21:14:18.835544,2.19268
2022-05-27 21:14:18.835544,2.19268
2022-05-27 21:14:18.835544,2.19268
2022-05-27 21:14:19.835551,2.19373
2022-05-27 21:14:19.835551,2.19373
2022-05-27 21:14:19.835551,2.19373
2022-05-27 21:14:19.835551,2.19373
2022-05-27 21:14:19.835551,2.19373
2022-05-27 21:14:19.835551,2.19373
2022-05-27 21:14:19.835551,2.19373
2022-05-27 21:14:20.835551,2.19421
2022-05-27 21:14:20.835551,2.19421
2022-05-27 21:14:20.835551,2.19421
2022-05-27 21:14:20.835551,2.19421
2022-05-27 21:14:20.835551,2.19421
2022-05-27 21:14:20.835551,2.19421
2022-05-27 21:14:20.835551,2.19421
2022-05-27 21:14:21.835562,2.19411
2022-05-27 21:14:21.835562,2.19411
2022-05-27 21:14:21.835562,2.19411
2022-05-27 21:14:21.835562,2.19411
2022-05-27 21:14:21.835562,2.19411
2022-05-27 21:14:21.835562,2.19411
2022-05-27 21:14:21.835562,2.19411
2022-05-27 21:14:22.835551,2.19219
2022-05-27 21:14:22.835551,2.19219
2022-05-27 21:14:22.835551,2.19219
2022-05-27 21:14:22.835551,2.19219
2022-05-27 21:14:22.835551,2.19219
2022-05-27 21:14:22.835551,2.19219
2022-05-27 21:14:22.835551,2.19219
2022-05-27 21:14:23.835576,2.19386
2022-05-27 21:14:23.835576,2.19386
2022-05-27 21:14:23.835576,2.19386
2022-05-27 21:14:23.835576,2.19386
2022-05-27 21:14:23.835576,2.19386
2022-05-27 21:14:23.835576,2.19386
2022-05-27 21:14:23.835576,2.19386
2022-05-27 21:14:24.835560,2.19304
2022-05-27 21:14:24.835560,2.19304
2022-05-27 21:14:24.835560,2.19304
2022-05-27 21:14:24.835560,2.19304
2022-05-27 21:14:24.835560,2.19304
2022-05-27 21:14:24.835560,2.19304
2022-05-27 21:14:24.835560,2.19304
2022-05-27 21:14:25.835567,2.19343
2022-05-27 21:14:25.835567,2.19343
2022-05-27 21:14:25.835567,2.19343
2022-05-27 21:14:25.835567,2.19343
2022-05-27 21:14:25.835567,2.19343
2022-05-27 21:14:25.835567,2.19343
2022-05-27 21:14:25.835567,2.19343
2022-05-27 21:14:26.835559,2.19391
2022-05-27 21:14:26.835559,2.19391
2022-05-27 21:14:26.835559,2.19391
2022-05-27 21:14:26.835559,2.19391
2022-05-27 21:14:26.835559,2.19391
2022-05-27 21:14:26.835559,2.19391
2022-05-27 21:14:26.835559,2.19391
2022-05-27 21:14:27.835564,2.19358
2022-05-27 21:14:27.835564,2.19358
2022-05-27 21:14:27.835564,2.19358
2022-05-27 21:14:27.835564,2.19358
2022-05-27 21:14:27.835564,2.19358
2022-05-27 21:14:27.835564,2.19358
2022-05-27 21:14:27.835564,2.19358
2022-05-27 21:14:28.835565,2.1928
2022-05-27 21:14:28.835565,2.1928
2022-05-27 21:14:28.835565,2.1928
2022-05-27 21:14:28.835565,2.1928
2022-05-27 21:14:28.835565,2.1928
2022-05-27 21:14:28.835565,2.1928
2022-05-27 21:14:28.835565,2.1928
2022-05-27 21:14:29.835577,2.1922
2022-05-27 21:14:29.835577,2.1922
2022-05-27 21:14:29.835577,2.1922
2022-05-27 21:14:29.835577,2.1922
2022-05-27 21:14:29.835577,2.1922
2022-05-27 21:14:29.835577,2.1922
2022-05-27 21:14:29.835577,2.1922
2022-05-27 21:14:30.835571,2.19284
2022-05-27 21:14:30.835571,2.19284
2022-05-27 21:14:30.835571,2.19284
2022-05-27 21:14:30.835571,2.19284
2022-05-27 21:14:30.835571,2.19284
2022-05-27 21:14:30.835571,2.19284
2022-05-27 21:14:30.835571,2.19284
2022-05-27 21:14:31.835579,2.19163
2022-05-27 21:14:31.835579,2.19163
2022-05-27 21:14:31.835579,2.19163
2022-05-27 21:14:31.835579,2.19163
2022-05-27 21:14:31.835579,2.19163
2022-05-27 21:14:31.835579,2.19163
2022-05-27 21:14:31.835579,2.19163
2022-05-27 21:14:32.835576,2.19267
2022-05-27 21:14:32.835576,2.19267
2022-05-27 21:14:32.835576,2.19267
2022-05-27 21:14:32.835576,2.19267
2022-05-27 21:14:32.835576,2.19267
2022-05-27 21:14:32.835576,2.19267
2022-05-27 21:14:32.835576,2.19267
2022-05-27 21:14:33.835609,2.1935
2022-05-27 21:14:33.835609,2.1935
2022-05-27 21:14:33.835609,2.1935
2022-05-27 21:14:33.835609,2.1935
2022-05-27 21:14:33.835609,2.1935
2022-05-27 21:14:33.835609,2.1935
2022-05-27 21:14:33.835609,2.1935
2022-05-27 21:14:34.835578,2.19317
2022-05-27 21:14:34.835578,2.19317
2022-05-27 21:14:34.835578,2.19317
2022-05-27 21:14:34.835578,2.19317
2022-05-27 21:14:34.835578,2.19317
2022-05-27 21:14:34.835578,2.19317
2022-05-27 21:14:34.835578,2.19317
2022-05-27 21:14:35.835590,2.19215
2022-05-27 21:14:35.835590,2.19215
2022-05-27 21:14:35.835590,2.19215
2022-05-27 21:14:35.835590,2.19215
2022-05-27 21:14:35.835590,2.19215
2022-05-27 21:14:35.835590,2.19215
2022-05-27 21:14:35.835590,2.19215
2022-05-27 21:14:36.835585,2.19253
2022-05-27 21:14:36.835585,2.19253
2022-05-27 21:14:36.835585,2.19253
2022-05-27 21:14:36.835585,2.19253
2022-05-27 21:14:36.835585,2.19253
2022-05-27 21:14:36.835585,2.19253
2022-05-27 21:14:36.835585,2.19253
2022-05-27 21:14:37.835592,2.1921
2022-05-27 21:14:37.835592,2.1921
2022-05-27 21:14:37.835592,2.1921
2022-05-27 21:14:37.835592,2.1921
2022-05-27 21:14:37.835592,2.1921
2022-05-27 21:14:37.835592,2.1921
2022-05-27 21:14:37.835592,2.1921
2022-05-27 21:14:38.835591,2.19261
2022-05-27 21:14:38.835591,2.19261
2022-05-27 21:14:38.835591,2.19261
2022-05-27 21:14:38.835591,2.19261
2022-05-27 21:14:38.835591,2.19261
2022-05-27 21:14:38.835591,2.19261
2022-05-27 21:14:38.835591,2.19261
2022-05-27 21:14:39.835602,2.19322
2022-05-27 21:14:39.835602,2.19322
2022-05-27 21:14:39.835602,2.19322
2022-05-27 21:14:39.835602,2.19322
2022-05-27 21:14:39.835602,2.19322
2022-05-27 21:14:39.835602,2.19322
2022-05-27 21:14:39.835602,2.19322
2022-05-27 21:14:40.835593,2.19358
2022-05-27 21:14:40.835593,2.19358
2022-05-27 21:14:40.835593,2.19358
2022-05-27 21:14:40.835593,2.19358
2022-05-27 21:14:40.835593,2.19358
2022-05-27 21:14:40.835593,2.19358
2022-05-27 21:14:40.835593,2.19358
2022-05-27 21:14:41.835607,2.19254
2022-05-27 21:14:41.835607,2.19254
2022-05-27 21:14:41.835607,2.19254
2022-05-27 21:14:41.835607,2.19254
2022-05-27 21:14:41.835607,2.19254
2022-05-27 21:14:41.835607,2.19254
2022-05-27 21:14:41.835607,2.19254
2022-05-27 21:14:42.835594,2.19226
2022-05-27 21:14:42.835594,2.19226
2022-05-27 21:14:42.835594,2.19226
2022-05-27 21:14:42.835594,2.19226
2022-05-27 21:14:42.835594,2.19226
2022-05-27 21:14:42.835594,2.19226
2022-05-27 21:14:42.835594,2.19226
2022-05-27 21:14:43.835602,2.1926
2022-05-27 21:14:43.835602,2.1926
2022-05-27 21:14:43.835602,2.1926
2022-05-27 21:14:43.835602,2.1926
2022-05-27 21:14:43.835602,2.1926
2022-05-27 21:14:43.835602,2.1926
2022-05-27 21:14:43.835602,2.1926
2022-05-27 21:14:44.835607,2.19293
2022-05-27 21:14:44.835607,2.19293
2022-05-27 21:14:44.835607,2.19293
2022-05-27 21:14:44.835607,2.19293
2022-05-27 21:14:44.835607,2.19293
2022-05-27 21:14:44.835607,2.19293
2022-05-27 21:14:44.835607,2.19293
2022-05-27 21:14:45.835606,2.19366
2022-05-27 21:14:45.835606,2.19366
2022-05-27 21:14:45.835606,2.19366
2022-05-27 21:14:45.835606,2.19366
2022-05-27 21:14:45.835606,2.19366
2022-05-27 21:14:45.835606,2.19366
2022-05-27 21:14:45.835606,2.19366
2022-05-27 21:14:46.835605,2.19328
2022-05-27 21:14:46.835605,2.19328
2022-05-27 21:14:46.835605,2.19328
2022-05-27 21:14:46.835605,2.19328
2022-05-27 21:14:46.835605,2.19328
2022-05-27 21:14:46.835605,2.19328
2022-05-27 21:14:46.835605,2.19328
2022-05-27 21:14:47.835614,2.19301
2022-05-27 21:14:47.835614,2.19301
2022-05-27 21:14:47.835614,2.19301
2022-05-27 21:14:47.835614,2.19301
2022-05-27 21:14:47.835614,2.19301
2022-05-27 21:14:47.835614,2.19301
2022-05-27 21:14:47.835614,2.19301
2022-05-27 21:14:48.835610,2.1927
2022-05-27 21:14:48.835610,2.1927
2022-05-27 21:14:48.835610,2.1927
2022-05-27 21:14:48.835610,2.1927
2022-05-27 21:14:48.835610,2.1927
2022-05-27 21:14:48.835610,2.1927
2022-05-27 21:14:48.835610,2.1927
2022-05-27 21:14:49.835622,2.19294
2022-05-27 21:14:49.835622,2.19294
2022-05-27 21:14:49.835622,2.19294
2022-05-27 21:14:49.835622,2.19294
2022-05-27 21:14:49.835622,2.19294
2022-05-27 21:14:49.835622,2.19294
2022-05-27 21:14:49.835622,2.19294
2022-05-27 21:14:50.835616,2.19335
2022-05-27 21:14:50.835616,2.19335
2022-05-27 21:14:50.835616,2.19335
2022-05-27 21:14:50.835616,2.19335
2022-05-27 21:14:50.835616,2.19335
2022-05-27 21:14:50.835616,2.19335
2022-05-27 21:14:50.835616,2.19335
2022-05-27 21:14:51.835631,2.19289
2022-05-27 21:14:51.835631,2.19289
2022-05-27 21:14:51.835631,2.19289
2022-05-27 21:14:51.835631,2.19289
2022-05-27 21:14:51.835631,2.19289
2022-05-27 21:14:51.835631,2.19289
2022-05-27 21:14:51.835631,2.19289
2022-05-27 21:14:52.835622,2.19249
2022-05-27 21:14:52.835622,2.19249
2022-05-27 21:14:52.835622,2.19249
2022-05-27 21:14:52.835622,2.19249
2022-05-27 21:14:52.835622,2.19249
2022-05-27 21:14:52.835622,2.19249
2022-05-27 21:14:52.835622,2.19249
2022-05-27 21:14:53.835643,2.19315
2022-05-27 21:14:53.835643,2.19315
2022-05-27 21:14:53.835643,2.19315
2022-05-27 21:14:53.835643,2.19315
2022-05-27 21:14:53.835643,2.19315
2022-05-27 21:14:53.835643,2.19315
2022-05-27 21:14:53.835643,2.19315
2022-05-27 21:14:54.835627,2.19405
2022-05-27 21:14:54.835627,2.19405
2022-05-27 21:14:54.835627,2.19405
2022-05-27 21:14:54.835627,2.19405
2022-05-27 21:14:54.835627,2.19405
2022-05-27 21:14:54.835627,2.19405
2022-05-27 21:14:54.835627,2.19405
2022-05-27 21:14:55.835661,2.19257
2022-05-27 21:14:55.835661,2.19257
2022-05-27 21:14:55.835661,2.19257
2022-05-27 21:14:55.835661,2.19257
2022-05-27 21:14:55.835661,2.19257
2022-05-27 21:14:55.835661,2.19257
2022-05-27 21:14:55.835661,2.19257
2022-05-27 21:14:56.835640,2.19302
2022-05-27 21:14:56.835640,2.19302
2022-05-27 21:14:56.835640,2.19302
2022-05-27 21:14:56.835640,2.19302
2022-05-27 21:14:56.835640,2.19302
2022-05-27 21:14:56.835640,2.19302
2022-05-27 21:14:56.835640,2.19302
2022-05-27 21:14:57.835626,2.19485
2022-05-27 21:14:57.835626,2.19485
2022-05-27 21:14:57.835626,2.19485
2022-05-27 21:14:57.835626,2.19485
2022-05-27 21:14:57.835626,2.19485
2022-05-27 21:14:57.835626,2.19485
2022-05-27 21:14:57.835626,2.19485
2022-05-27 21:14:58.835647,2.19436
2022-05-27 21:14:58.835647,2.19436
2022-05-27 21:14:58.835647,2.19436
2022-05-27 21:14:58.835647,2.19436
2022-05-27 21:14:58.835647,2.19436
2022-05-27 21:14:58.835647,2.19436
2022-05-27 21:14:58.835647,2.19436
2022-05-27 21:14:59.835644,2.19439
2022-05-27 21:14:59.835644,2.19439
2022-05-27 21:14:59.835644,2.19439
2022-05-27 21:14:59.835644,2.19439
2022-05-27 21:14:59.835644,2.19439
2022-05-27 21:14:59.835644,2.19439
2022-05-27 21:14:59.835644,2.19439
2022-05-27 21:15:00.835633,2.19417
2022-05-27 21:15:00.835633,2.19417
2022-05-27 21:15:00.835633,2.19417
2022-05-27 21:15:00.835633,2.19417
2022-05-27 21:15:00.835633,2.19417
2022-05-27 21:15:00.835633,2.19417
2022-05-27 21:15:00.835633,2.19417
2022-05-27 21:15:01.835666,2.1956
2022-05-27 21:15:01.835666,2.1956
2022-05-27 21:15:01.835666,2.1956
2022-05-27 21:15:01.835666,2.1956
2022-05-27 21:15:01.835666,2.1956
2022-05-27 21:15:01.835666,2.1956
2022-05-27 21:15:01.835666,2.1956
2022-05-27 21:15:02.835642,2.19539
2022-05-27 21:15:02.835642,2.19539
2022-05-27 21:15:02.835642,2.19539
2022-05-27 21:15:02.835642,2.19539
2022-05-27 21:15:02.835642,2.19539
2022-05-27 21:15:02.835642,2.19539
2022-05-27 21:15:02.835642,2.19539
2022-05-27 21:15:03.835648,2.19468
2022-05-27 21:15:03.835648,2.19468
2022-05-27 21:15:03.835648,2.19468
2022-05-27 21:15:03.835648,2.19468
2022-05-27 21:15:03.835648,2.19468
2022-05-27 21:15:03.835648,2.19468
2022-05-27 21:15:03.835648,2.19468
2022-05-27 21:15:04.835645,2.19526
2022-05-27 21:15:04.835645,2.19526
2022-05-27 21:15:04.835645,2.19526
2022-05-27 21:15:04.835645,2.19526
2022-05-27 21:15:04.835645,2.19526
2022-05-27 21:15:04.835645,2.19526
2022-05-27 21:15:04.835645,2.19526
2022-05-27 21:15:05.835650,2.19422
2022-05-27 21:15:05.835650,2.19422
2022-05-27 21:15:05.835650,2.19422
2022-05-27 21:15:05.835650,2.19422
2022-05-27 21:15:05.835650,2.19422
2022-05-27 21:15:05.835650,2.19422
2022-05-27 21:15:05.835650,2.19422
2022-05-27 21:15:06.835651,2.19529
2022-05-27 21:15:06.835651,2.19529
2022-05-27 21:15:06.835651,2.19529
2022-05-27 21:15:06.835651,2.19529
2022-05-27 21:15:06.835651,2.19529
2022-05-27 21:15:06.835651,2.19529
2022-05-27 21:15:06.835651,2.19529
2022-05-27 21:15:07.835657,2.19419
2022-05-27 21:15:07.835657,2.19419
2022-05-27 21:15:07.835657,2.19419
2022-05-27 21:15:07.835657,2.19419
2022-05-27 21:15:07.835657,2.19419
2022-05-27 21:15:07.835657,2.19419
2022-05-27 21:15:07.835657,2.19419
2022-05-27 21:15:08.835673,2.19443
2022-05-27 21:15:08.835673,2.19443
2022-05-27 21:15:08.835673,2.19443
2022-05-27 21:15:08.835673,2.19443
2022-05-27 21:15:08.835673,2.19443
2022-05-27 21:15:08.835673,2.19443
2022-05-27 21:15:08.835673,2.19443
2022-05-27 21:15:09.835658,2.19395
2022-05-27 21:15:09.835658,2.19395
2022-05-27 21:15:09.835658,2.19395
2022-05-27 21:15:09.835658,2.19395
2022-05-27 21:15:09.835658,2.19395
2022-05-27 21:15:09.835658,2.19395
2022-05-27 21:15:09.835658,2.19395
2022-05-27 21:15:10.835656,2.19479
2022-05-27 21:15:10.835656,2.19479
2022-05-27 21:15:10.835656,2.19479
2022-05-27 21:15:10.835656,2.19479
2022-05-27 21:15:10.835656,2.19479
2022-05-27 21:15:10.835656,2.19479
2022-05-27 21:15:10.835656,2.19479
2022-05-27 21:15:11.835661,2.19445
2022-05-27 21:15:11.835661,2.19445
2022-05-27 21:15:11.835661,2.19445
2022-05-27 21:15:11.835661,2.19445
2022-05-27 21:15:11.835661,2.19445
2022-05-27 21:15:11.835661,2.19445
2022-05-27 21:15:11.835661,2.19445
2022-05-27 21:15:12.835651,2.19507
2022-05-27 21:15:12.835651,2.19507
2022-05-27 21:15:12.835651,2.19507
2022-05-27 21:15:12.835651,2.19507
2022-05-27 21:15:12.835651,2.19507
2022-05-27 21:15:12.835651,2.19507
2022-05-27 21:15:12.835651,2.19507
2022-05-27 21:15:13.835670,2.1953
2022-05-27 21:15:13.835670,2.1953
2022-05-27 21:15:13.835670,2.1953
2022-05-27 21:15:13.835670,2.1953
2022-05-27 21:15:13.835670,2.1953
2022-05-27 21:15:13.835670,2.1953
2022-05-27 21:15:13.835670,2.1953
2022-05-27 21:15:14.835664,2.19513
2022-05-27 21:15:14.835664,2.19513
2022-05-27 21:15:14.835664,2.19513
2022-05-27 21:15:14.835664,2.19513
2022-05-27 21:15:14.835664,2.19513
2022-05-27 21:15:14.835664,2.19513
2022-05-27 21:15:14.835664,2.19513
2022-05-27 21:15:15.835678,2.19516
2022-05-27 21:15:15.835678,2.19516
2022-05-27 21:15:15.835678,2.19516
2022-05-27 21:15:15.835678,2.19516
2022-05-27 21:15:15.835678,2.19516
2022-05-27 21:15:15.835678,2.19516
2022-05-27 21:15:15.835678,2.19516
2022-05-27 21:15:16.835674,2.19402
2022-05-27 21:15:16.835674,2.19402
2022-05-27 21:15:16.835674,2.19402
2022-05-27 21:15:16.835674,2.19402
2022-05-27 21:15:16.835674,2.19402
2022-05-27 21:15:16.835674,2.19402
2022-05-27 21:15:16.835674,2.19402
2022-05-27 21:15:17.835677,2.19436
2022-05-27 21:15:17.835677,2.19436
2022-05-27 21:15:17.835677,2.19436
2022-05-27 21:15:17.835677,2.19436
2022-05-27 21:15:17.835677,2.19436
2022-05-27 21:15:17.835677,2.19436
2022-05-27 21:15:17.835677,2.19436
2022-05-27 21:15:18.835671,2.19548
2022-05-27 21:15:18.835671,2.19548
2022-05-27 21:15:18.835671,2.19548
2022-05-27 21:15:18.835671,2.19548
2022-05-27 21:15:18.835671,2.19548
2022-05-27 21:15:18.835671,2.19548
2022-05-27 21:15:18.835671,2.19548
2022-05-27 21:15:19.835671,2.19542
2022-05-27 21:15:19.835671,2.19542
2022-05-27 21:15:19.835671,2.19542
2022-05-27 21:15:19.835671,2.19542
2022-05-27 21:15:19.835671,2.19542
2022-05-27 21:15:19.835671,2.19542
2022-05-27 21:15:19.835671,2.19542
2022-05-27 21:15:20.835679,2.19444
2022-05-27 21:15:20.835679,2.19444
2022-05-27 21:15:20.835679,2.19444
2022-05-27 21:15:20.835679,2.19444
2022-05-27 21:15:20.835679,2.19444
2022-05-27 21:15:20.835679,2.19444
2022-05-27 21:15:20.835679,2.19444
2022-05-27 21:15:21.835687,2.19418
2022-05-27 21:15:21.835687,2.19418
2022-05-27 21:15:21.835687,2.19418
2022-05-27 21:15:21.835687,2.19418
2022-05-27 21:15:21.835687,2.19418
2022-05-27 21:15:21.835687,2.19418
2022-05-27 21:15:21.835687,2.19418
2022-05-27 21:15:22.835682,2.19537
2022-05-27 21:15:22.835682,2.19537
2022-05-27 21:15:22.835682,2.19537
2022-05-27 21:15:22.835682,2.19537
2022-05-27 21:15:22.835682,2.19537
2022-05-27 21:15:22.835682,2.19537
2022-05-27 21:15:22.835682,2.19537
2022-05-27 21:15:23.835700,2.19467
2022-05-27 21:15:23.835700,2.19467
2022-05-27 21:15:23.835700,2.19467
2022-05-27 21:15:23.835700,2.19467
2022-05-27 21:15:23.835700,2.19467
2022-05-27 21:15:23.835700,2.19467
2022-05-27 21:15:23.835700,2.19467
2022-05-27 21:15:24.835681,2.19415
2022-05-27 21:15:24.835681,2.19415
2022-05-27 21:15:24.835681,2.19415
2022-05-27 21:15:24.835681,2.19415
2022-05-27 21:15:24.835681,2.19415
2022-05-27 21:15:24.835681,2.19415
2022-05-27 21:15:24.835681,2.19415
2022-05-27 21:15:25.835686,2.19477
2022-05-27 21:15:25.835686,2.19477
2022-05-27 21:15:25.835686,2.19477
2022-05-27 21:15:25.835686,2.19477
2022-05-27 21:15:25.835686,2.19477
2022-05-27 21:15:25.835686,2.19477
2022-05-27 21:15:25.835686,2.19477
2022-05-27 21:15:26.835693,2.19396
2022-05-27 21:15:26.835693,2.19396
2022-05-27 21:15:26.835693,2.19396
2022-05-27 21:15:26.835693,2.19396
2022-05-27 21:15:26.835693,2.19396
2022-05-27 21:15:26.835693,2.19396
2022-05-27 21:15:26.835693,2.19396
2022-05-27 21:15:27.835697,2.19426
2022-05-27 21:15:27.835697,2.19426
2022-05-27 21:15:27.835697,2.19426
2022-05-27 21:15:27.835697,2.19426
2022-05-27 21:15:27.835697,2.19426
2022-05-27 21:15:27.835697,2.19426
2022-05-27 21:15:27.835697,2.19426
2022-05-27 21:15:28.835693,2.19615
2022-05-27 21:15:28.835693,2.19615
2022-05-27 21:15:28.835693,2.19615
2022-05-27 21:15:28.835693,2.19615
2022-05-27 21:15:28.835693,2.19615
2022-05-27 21:15:28.835693,2.19615
2022-05-27 21:15:28.835693,2.19615
2022-05-27 21:15:29.835705,2.19478
2022-05-27 21:15:29.835705,2.19478
2022-05-27 21:15:29.835705,2.19478
2022-05-27 21:15:29.835705,2.19478
2022-05-27 21:15:29.835705,2.19478
2022-05-27 21:15:29.835705,2.19478
2022-05-27 21:15:29.835705,2.19478
