timestamp,ADC,V,T,rH,aH,P,fanSpeed,CH4Ref,CH4,V0,Rs/R0,CH4LR,variance
2022-05-23 13:32:04.081605,28909,1.10279,9.5,74.2,0.00677,1002.4,0,2.028,0.137,1.11834,1.19739,-0.134,2.16
2022-05-23 13:32:39.081675,28918,1.10313,9.5,75.9,0.00694,1002.4,0,2.027,0.306,1.11834,1.19225,0.038,1.99
2022-05-23 13:33:14.081768,28930,1.10359,9.6,77.4,0.00712,1002.4,0,2.028,0.449,1.1187,1.18988,0.183,1.84
2022-05-23 13:33:49.081832,28940,1.10397,9.7,78.4,0.00726,1002.4,0,2.028,0.552,1.11907,1.18876,0.288,1.74
2022-05-23 13:34:24.081901,28951,1.10439,9.8,79.1,0.00737,1002.3,0,2.028,0.644,1.11943,1.18708,0.381,1.65
2022-05-23 13:42:34.307187,29078,1.10924,11.2,79.9,0.0081,1002.2,0,2.111,1.185,1.12473,1.18168,0.931,1.18
2022-05-23 13:48:00.359697,29107,1.11034,11.3,78.1,0.00797,1002.1,0,2.204,1.258,1.12512,1.17116,1.005,1.2
2022-05-23 13:48:32.359767,29104,1.11023,11.3,77.5,0.00791,1002.2,0,2.203,1.196,1.12512,1.17266,0.942,1.26
2022-05-23 13:52:52.027168,29128,1.11115,11.0,78.5,0.00788,1002.1,0,2.44,1.577,1.12395,1.14684,1.329,1.11
2022-05-23 13:53:26.027249,29127,1.11111,11.0,78.3,0.00785,1002.1,0,2.44,1.548,1.12395,1.14737,1.299,1.14
2022-05-23 13:58:00.731416,29131,1.11126,10.6,77.0,0.00753,1002.2,0,2.655,1.639,1.12241,1.1278,1.392,1.26
2022-05-23 13:58:30.731495,29127,1.11111,10.5,76.7,0.00748,1002.2,0,2.654,1.643,1.12203,1.12539,1.396,1.26
2022-05-23 14:02:08.064942,29127,1.11111,10.2,77.7,0.00739,1002.2,0,2.86,1.795,1.12091,1.11245,1.55,1.31
2022-05-23 14:02:45.065019,29121,1.11088,10.1,77.4,0.00735,1002.3,0,2.856,1.788,1.12053,1.11112,1.543,1.31
2022-05-23 14:03:22.065098,29120,1.11084,10.1,77.2,0.0073,1002.3,0,2.853,1.741,1.12053,1.11163,1.495,1.36
2022-05-23 14:10:07.211461,29099,1.11004,9.1,80.1,0.00712,1002.2,0,3.032,2.165,1.11692,1.07997,1.926,1.11
2022-05-23 14:14:12.054345,29119,1.1108,9.2,84.9,0.00758,1002.3,0,3.256,2.655,1.11727,1.07457,2.424,0.83
2022-05-23 14:14:50.054423,29115,1.11065,9.2,85.2,0.00765,1002.3,0,3.251,2.676,1.11727,1.07643,2.445,0.81
2022-05-23 14:15:28.054501,29113,1.11057,9.3,85.6,0.0077,1002.3,0,3.244,2.615,1.11763,1.08152,2.384,0.86
2022-05-23 14:19:39.053447,29168,1.11267,9.7,88.7,0.00819,1002.3,0,3.573,3.221,1.11907,1.07212,2.999,0.57
2022-05-23 14:20:22.053545,29174,1.1129,9.8,88.9,0.00825,1002.2,0,3.565,3.243,1.11943,1.07345,3.022,0.54
2022-05-23 14:24:05.136879,29217,1.11454,10.2,89.8,0.00855,1002.3,0,3.763,3.567,1.12091,1.07031,3.351,0.41
2022-05-23 14:24:35.137122,29220,1.11465,10.2,90.0,0.00859,1002.2,0,3.754,3.631,1.12091,1.06901,3.416,0.34
2022-05-23 14:25:05.137185,29212,1.11435,10.3,89.9,0.00862,1002.2,0,3.749,3.483,1.12128,1.07669,3.265,0.48
2022-05-23 14:25:35.137277,29214,1.11443,10.3,90.0,0.00865,1002.2,0,3.742,3.529,1.12128,1.07574,3.312,0.43
2022-05-23 14:29:43.939867,29271,1.1166,10.7,92.3,0.00911,1002.3,0,4.101,4.127,1.12279,1.06688,3.919,0.18
2022-05-23 14:30:20.939941,29271,1.1166,10.8,92.5,0.00916,1002.3,0,4.101,4.07,1.12318,1.07101,3.861,0.24
2022-05-23 14:34:23.006027,29325,1.11866,11.2,94.0,0.00955,1002.3,0,4.522,4.576,1.12473,1.06408,4.376,0.15
2022-05-23 14:34:56.006091,29333,1.11897,11.2,94.1,0.00959,1002.2,0,4.52,4.7,1.12473,1.06061,4.502,0.02
2022-05-23 14:35:29.006163,29343,1.11935,11.3,93.8,0.00959,1002.2,0,4.519,4.703,1.12512,1.06049,4.505,0.01
2022-05-23 14:43:12.780061,29387,1.12103,11.6,92.5,0.00963,1002.2,0,5.102,4.899,1.12631,1.05437,4.705,0.4
2022-05-23 14:43:45.780130,29390,1.12114,11.6,92.0,0.00959,1002.2,0,5.099,4.896,1.12631,1.05317,4.701,0.4
2022-05-23 14:44:18.780228,29386,1.12099,11.6,91.4,0.00952,1002.2,0,5.097,4.79,1.12631,1.0548,4.594,0.5
2022-05-23 14:44:51.780369,29394,1.12129,11.6,91.0,0.00947,1002.1,0,5.098,4.832,1.12631,1.05155,4.636,0.46
2022-05-23 14:45:24.780377,29396,1.12137,11.6,90.3,0.0094,1002.2,0,5.095,4.792,1.12631,1.05068,4.595,0.5
2022-05-23 14:49:05.765940,29417,1.12217,11.3,91.2,0.0093,1002.1,0,5.517,5.264,1.12512,1.03003,5.075,0.44
2022-05-23 14:49:43.766013,29418,1.12221,11.3,91.2,0.00933,1002.1,0,5.515,5.305,1.12512,1.02961,5.116,0.4
2022-05-23 14:50:21.766089,29413,1.12202,11.3,90.8,0.00928,1002.1,0,5.514,5.201,1.12512,1.03161,5.011,0.5
2022-05-23 14:54:14.755178,29420,1.12228,11.0,89.7,0.00899,1002.2,0,6.02,5.338,1.12395,1.01697,5.15,0.87
2022-05-23 14:54:46.755263,29421,1.12232,11.0,89.8,0.009,1002.1,0,6.017,5.36,1.12395,1.01655,5.172,0.85
2022-05-23 14:55:18.755344,29420,1.12228,11.0,89.5,0.00896,1002.1,0,6.016,5.308,1.12395,1.01697,5.12,0.9
2022-05-23 14:55:50.755408,29418,1.12221,10.9,89.0,0.00889,1002.1,0,6.014,5.332,1.12356,1.01375,5.144,0.87
2022-05-23 14:59:02.840196,29434,1.12282,10.7,89.7,0.00884,1002.2,0,6.621,5.697,1.12279,0.99973,5.515,1.11
2022-05-23 14:59:32.840272,29426,1.12251,10.7,89.7,0.00885,1002.2,0,6.619,5.612,1.12279,1.00287,5.429,1.19
2022-05-23 15:00:02.840335,29434,1.12282,10.7,89.9,0.00884,1002.2,0,6.614,5.697,1.12279,0.99973,5.515,1.1
2022-05-23 15:00:32.840417,29428,1.12259,10.7,89.5,0.0088,1002.2,0,6.615,5.585,1.12279,1.00206,5.401,1.21
2022-05-23 15:04:03.026771,29441,1.12309,10.3,87.9,0.00845,1002.3,0,7.035,5.838,1.12128,0.98173,5.658,1.38
2022-05-23 15:04:42.026885,29436,1.12289,10.3,87.5,0.00838,1002.4,0,7.031,5.7,1.12128,0.98371,5.518,1.51
2022-05-23 15:05:21.026949,29431,1.1227,10.2,87.5,0.00833,1002.4,0,7.025,5.704,1.12091,0.98182,5.523,1.5
2022-05-23 15:09:54.985351,29457,1.1237,9.8,91.7,0.00852,1002.3,0,7.643,6.729,1.11943,0.95717,6.564,1.08
2022-05-23 15:10:27.985450,29461,1.12385,9.8,91.5,0.00849,1002.3,0,7.638,6.744,1.11943,0.95573,6.579,1.06
2022-05-23 15:14:05.281143,29453,1.12354,9.6,89.2,0.0082,1002.3,0,8.052,6.55,1.1187,0.95141,6.382,1.67
2022-05-23 15:14:43.281247,29453,1.12354,9.5,89.1,0.00814,1002.3,0,8.049,6.604,1.11834,0.94779,6.436,1.61
2022-05-23 15:15:21.281339,29447,1.12331,9.5,89.0,0.00811,1002.3,0,8.045,6.492,1.11834,0.94998,6.323,1.72
2022-05-23 15:19:55.348146,29477,1.12446,9.3,93.0,0.00836,1002.3,0,8.523,7.45,1.11763,0.93199,7.296,1.23
2022-05-23 15:20:28.348222,29480,1.12457,9.3,92.9,0.00837,1002.3,0,8.523,7.502,1.11763,0.93097,7.348,1.17
2022-05-23 15:24:03.456974,29519,1.12606,9.5,94.2,0.00858,1002.3,0,9.303,8.029,1.11834,0.92438,7.884,1.42
2022-05-23 15:24:42.457062,29529,1.12644,9.5,94.5,0.00862,1002.3,0,9.297,8.219,1.11834,0.92095,8.078,1.22
2022-05-23 15:25:21.457148,29538,1.12679,9.5,94.6,0.00866,1002.3,0,9.298,8.401,1.11834,0.91782,8.262,1.04
2022-05-23 15:29:03.453756,29561,1.12766,9.9,95.0,0.0089,1002.3,0,9.539,8.453,1.1198,0.92413,8.315,1.22
2022-05-23 15:29:42.453833,29569,1.12797,10.0,94.9,0.00894,1002.3,0,9.536,8.473,1.12016,0.92492,8.335,1.2
2022-05-23 15:30:21.453922,29578,1.12831,10.0,95.0,0.00897,1002.4,0,9.531,8.638,1.12016,0.9219,8.503,1.03
2022-05-23 15:35:21.516132,29621,1.12995,10.5,92.7,0.00899,1002.3,0,10.008,8.523,1.12203,0.92527,8.386,1.62
2022-05-23 15:55:50.200876,29684,1.13235,8.8,95.1,0.00832,1002.3,0,12.85,11.225,1.11587,0.84795,11.132,1.72
2022-05-23 15:56:21.200965,29686,1.13243,8.8,94.7,0.00829,1002.3,0,12.845,11.21,1.11587,0.84732,11.116,1.73
2022-05-23 15:56:52.201030,29684,1.13235,8.8,94.2,0.00824,1002.3,0,12.834,11.093,1.11587,0.84795,10.997,1.84
2022-05-23 15:57:23.201099,29684,1.13235,8.8,93.7,0.00818,1002.3,0,12.834,10.993,1.11587,0.84795,10.896,1.94
2022-05-23 16:32:56.056095,29788,1.13632,11.6,86.7,0.00906,1002.0,0,10.882,9.236,1.12631,0.91084,9.11,1.77
2022-05-23 16:33:31.056165,29783,1.13613,11.7,85.9,0.00902,1002.0,0,10.868,8.958,1.1267,0.91594,8.828,2.04
2022-05-23 16:37:24.782409,29833,1.13804,11.7,86.5,0.00907,1002.0,0,11.963,9.715,1.1267,0.9006,9.597,2.37
2022-05-23 16:37:55.782467,29830,1.13792,11.7,86.1,0.00905,1002.0,0,11.949,9.643,1.1267,0.90155,9.524,2.43
2022-05-23 16:38:26.782536,29832,1.138,11.7,85.7,0.009,1002.0,0,11.937,9.603,1.1267,0.90091,9.483,2.45
2022-05-23 16:38:57.782618,29835,1.13811,11.7,85.3,0.00895,1002.0,0,11.921,9.573,1.1267,0.90005,9.453,2.47
2022-05-23 16:39:28.782686,29832,1.138,11.7,84.8,0.00889,1002.0,0,11.9,9.45,1.1267,0.90091,9.328,2.57
2022-05-23 16:43:35.873334,29831,1.13796,11.3,84.8,0.00866,1001.9,0,12.87,9.754,1.12512,0.88731,9.637,3.23
2022-05-23 16:44:09.873414,29821,1.13758,11.2,84.7,0.00863,1001.9,0,12.857,9.733,1.12473,0.88683,9.616,3.24
2022-05-23 16:44:43.873478,29822,1.13762,11.2,84.5,0.00857,1001.9,0,12.838,9.66,1.12473,0.88652,9.542,3.3
2022-05-23 16:45:17.873539,29820,1.13754,11.1,84.0,0.0085,1002.0,0,12.827,9.69,1.12434,0.8837,9.572,3.26
2022-05-23 16:45:51.873631,29819,1.1375,11.0,83.4,0.0084,1002.0,0,12.813,9.69,1.12395,0.88059,9.572,3.24
2022-05-23 16:49:46.486885,29848,1.13861,10.5,84.4,0.00818,1002.0,0,14.152,10.602,1.12203,0.85536,10.498,3.65
2022-05-23 16:50:23.486958,29843,1.13842,10.4,83.9,0.00811,1001.9,0,14.132,10.586,1.12165,0.85348,10.482,3.65
2022-05-23 16:54:29.047695,29904,1.14075,10.0,86.5,0.00814,1002.0,0,16.065,12.3,1.12016,0.82367,12.224,3.84
2022-05-23 16:55:00.047750,29908,1.1409,9.9,87.2,0.00818,1002.0,0,16.048,12.627,1.1198,0.81947,12.556,3.49
2022-05-23 16:55:31.047818,29903,1.14071,9.9,88.1,0.00823,1002.0,0,16.026,12.637,1.1198,0.8208,12.566,3.46
2022-05-23 17:01:44.827688,29917,1.14124,9.6,87.1,0.00802,1002.0,0,17.013,13.06,1.1187,0.80777,12.995,4.02
2022-05-23 17:05:13.066765,29954,1.14265,9.4,90.1,0.00815,1002.0,0,18.037,14.358,1.11798,0.79211,14.314,3.72
2022-05-23 17:09:23.504140,29995,1.14422,9.3,89.6,0.0081,1002.0,0,19.002,15.21,1.11763,0.7788,15.18,3.82
2022-05-23 17:14:05.833279,30014,1.14494,9.1,91.2,0.0081,1002.0,0,20.085,16.006,1.11692,0.76832,15.989,4.1
2022-05-23 17:25:10.231832,29174,1.1129,8.9,71.8,0.00632,1001.9,0,2.325,2.285,1.11622,1.03736,2.048,0.28
2022-05-23 17:25:47.231890,29171,1.11279,9.0,71.4,0.00633,1001.9,0,2.326,2.192,1.11657,1.04257,1.953,0.37
2022-05-23 17:26:24.231970,29172,1.11282,9.1,71.2,0.00633,1001.9,0,2.328,2.122,1.11692,1.04617,1.883,0.44
2022-05-23 17:34:11.180584,29610,1.12953,9.4,73.4,0.00665,1001.9,0,11.057,6.704,1.11798,0.89059,6.538,4.52
2022-05-23 17:38:07.644562,29645,1.13087,9.4,74.4,0.00676,1001.9,0,12.038,7.295,1.11798,0.87942,7.139,4.9
2022-05-23 17:38:46.644640,29645,1.13087,9.5,74.2,0.00676,1001.9,0,12.04,7.163,1.11834,0.88278,7.004,5.04
2022-05-23 17:39:25.644713,29645,1.13087,9.5,74.1,0.00676,1001.9,0,12.039,7.163,1.11834,0.88278,7.004,5.04
2022-05-23 17:44:13.769443,29689,1.13255,9.1,76.8,0.00686,1001.9,0,13.282,8.437,1.11692,0.85602,8.299,4.98
2022-05-23 17:48:28.749433,29726,1.13396,9.1,84.2,0.00748,1002.0,0,14.366,9.978,1.11692,0.84504,9.864,4.5
2022-05-23 17:52:30.081908,29780,1.13602,9.4,88.4,0.00804,1001.9,0,15.014,11.245,1.11798,0.83899,11.151,3.86
2022-05-23 17:56:32.415977,29842,1.13838,10.0,91.1,0.00858,1001.9,0,16.026,12.066,1.12016,0.84074,11.986,4.04
2022-05-23 18:00:19.934945,29934,1.14189,10.5,92.4,0.00902,1001.9,0,17.094,13.38,1.12203,0.83156,13.321,3.77
2022-05-23 18:03:39.007048,30014,1.14494,11.0,92.3,0.00929,1001.9,0,18.257,14.189,1.12395,0.82642,14.143,4.11
2022-05-23 18:05:04.829024,30032,1.14563,11.1,92.1,0.00933,1001.9,0,18.248,14.36,1.12434,0.82493,14.317,3.93
2022-05-23 18:11:42.491632,30185,1.15147,11.8,90.4,0.00956,1001.9,0,20.292,15.913,1.12711,0.80886,15.895,4.4
2022-05-23 18:14:56.433841,30383,1.15902,12.0,89.2,0.00954,1001.9,0,25.259,19.057,1.12791,0.76961,19.089,6.17
2022-05-23 18:15:29.433914,30394,1.15944,12.0,88.7,0.0095,1001.9,0,25.245,19.183,1.12791,0.76722,19.217,6.03
2022-05-23 18:20:59.763515,30573,1.16627,12.0,88.7,0.00946,1001.9,0,30.117,22.725,1.12791,0.73039,22.816,7.3
2022-05-23 18:24:43.215220,31059,1.18481,11.8,86.5,0.00915,1001.8,0,46.576,34.076,1.12711,0.64116,34.348,12.23
2022-05-23 18:25:22.215306,31076,1.18546,11.8,87.4,0.00921,1001.8,0,46.573,34.753,1.12711,0.63858,35.035,11.54
2022-05-24 16:49:09.578637,29100,1.11008,7.0,77.8,0.00606,1005.4,0,2.087,2.835,1.10999,0.999,2.608,-0.52
2022-05-24 16:55:33.070046,28933,1.10371,5.5,94.0,0.00663,1005.4,0,2.109,2.849,1.10565,1.02434,2.622,-0.51
2022-05-24 16:59:34.836545,28940,1.10397,5.4,100.0,0.00701,1005.4,0,2.173,3.371,1.10538,1.01763,3.151,-0.98
2022-05-24 17:00:10.836680,28947,1.10424,5.5,99.9,0.00704,1005.4,0,2.173,3.402,1.10565,1.01758,3.183,-1.01
2022-05-24 17:00:46.836706,28952,1.10443,5.6,99.5,0.00704,1005.5,0,2.175,3.379,1.10592,1.01856,3.159,-0.98
2022-05-24 17:01:22.836809,28956,1.10458,5.6,99.0,0.00704,1005.5,0,2.176,3.423,1.10592,1.01667,3.204,-1.03
2022-05-24 17:05:32.994396,28967,1.105,5.7,97.2,0.00695,1005.5,0,2.216,3.378,1.1062,1.01479,3.159,-0.94
2022-05-24 17:06:16.994508,28968,1.10504,5.7,96.9,0.00692,1005.5,0,2.218,3.36,1.1062,1.01429,3.14,-0.92
2022-05-24 17:11:04.522062,28999,1.10622,6.0,99.4,0.00723,1005.6,0,2.455,3.774,1.10704,1.00995,3.561,-1.11
2022-05-24 17:16:04.886962,29040,1.10779,6.3,97.0,0.00721,1005.5,0,2.836,3.969,1.1079,1.00132,3.759,-0.92
2022-05-24 17:21:06.588294,29057,1.10844,6.3,97.7,0.00728,1005.6,0,3.118,4.242,1.1079,0.99361,4.036,-0.92
2022-05-24 17:26:30.405123,29063,1.10867,6.2,98.3,0.00727,1005.6,0,3.276,4.394,1.10761,0.98749,4.191,-0.92
2022-05-24 17:30:53.152269,29075,1.10912,5.9,96.8,0.00702,1005.7,0,3.579,4.539,1.10676,0.97222,4.338,-0.76
2022-05-24 17:31:27.152334,29074,1.10909,5.9,96.4,0.00698,1005.7,0,3.579,4.484,1.10676,0.97257,4.283,-0.7
2022-05-24 17:35:57.724012,29085,1.1095,5.7,100.0,0.00716,1005.7,0,3.817,5.009,1.1062,0.96138,4.816,-1.0
2022-05-24 17:36:30.723126,29087,1.10958,5.8,100.0,0.00718,1005.7,0,3.815,4.963,1.10648,0.96373,4.769,-0.95
2022-05-24 17:40:52.422317,29104,1.11023,6.0,100.0,0.00727,1005.6,0,3.998,5.089,1.10704,0.96299,4.897,-0.9
2022-05-24 17:41:26.422375,29109,1.11042,6.0,100.0,0.00727,1005.7,0,3.995,5.152,1.10704,0.96087,4.961,-0.97
2022-05-24 17:45:29.724899,29145,1.11179,6.2,100.0,0.00736,1005.7,0,4.555,5.518,1.10761,0.95239,5.333,-0.78
2022-05-24 17:45:59.724995,29144,1.11176,6.2,100.0,0.00738,1005.7,0,4.554,5.531,1.10761,0.95272,5.346,-0.79
2022-05-24 17:46:29.725046,29148,1.11191,6.2,100.0,0.0074,1005.6,0,4.553,5.606,1.10761,0.95109,5.423,-0.87
2022-05-24 17:50:47.984362,29207,1.11416,6.8,100.0,0.00767,1005.7,0,5.048,6.062,1.10938,0.94703,5.886,-0.84
2022-05-24 17:51:28.984451,29206,1.11412,6.8,100.0,0.00769,1005.7,0,5.047,6.072,1.10938,0.94745,5.896,-0.85
2022-05-24 17:56:03.511195,29228,1.11496,6.7,100.0,0.00763,1005.7,0,5.423,6.408,1.10908,0.93539,6.237,-0.81
2022-05-24 17:56:34.511295,29225,1.11485,6.7,100.0,0.00762,1005.6,0,5.424,6.356,1.10908,0.93652,6.185,-0.76
2022-05-24 18:01:09.889297,29242,1.11549,6.5,99.0,0.00744,1005.7,0,5.814,6.585,1.10849,0.92346,6.417,-0.6
2022-05-24 18:06:06.767894,29258,1.1161,6.4,99.6,0.00747,1005.6,0,6.107,6.964,1.10819,0.91414,6.802,-0.69
2022-05-24 18:11:50.488926,29279,1.11691,6.3,100.0,0.00743,1005.6,0,6.509,7.332,1.1079,0.90303,7.176,-0.67
2022-05-24 18:18:51.303622,29352,1.11969,7.2,100.0,0.00787,1005.7,0,7.079,7.855,1.11061,0.90514,7.708,-0.63
2022-05-24 18:23:30.810750,29414,1.12206,7.7,100.0,0.00816,1005.6,0,7.652,8.495,1.1122,0.89944,8.357,-0.7
2022-05-24 18:24:00.810827,29414,1.12206,7.8,99.8,0.00815,1005.6,0,7.65,8.341,1.11252,0.90274,8.201,-0.55
2022-05-24 18:24:30.810893,29414,1.12206,7.8,99.2,0.00811,1005.6,0,7.645,8.286,1.11252,0.90274,8.145,-0.5
2022-05-24 19:02:32.605229,29356,1.11984,6.6,98.4,0.00744,1005.7,0,7.412,8.089,1.10878,0.88464,7.946,-0.53
2022-05-24 19:03:16.605274,29353,1.11973,6.5,99.2,0.00745,1005.7,0,7.41,8.192,1.10849,0.88255,8.05,-0.64
2022-05-24 19:08:13.204795,29407,1.12179,6.9,100.0,0.00773,1005.7,0,7.991,8.887,1.10969,0.87625,8.756,-0.77
2022-05-24 19:08:52.204880,29413,1.12202,6.9,100.0,0.00775,1005.7,0,7.989,9.01,1.10969,0.87419,8.881,-0.89
2022-05-24 19:09:31.204946,29411,1.12194,7.0,100.0,0.00778,1005.7,0,7.984,8.882,1.10999,0.87803,8.751,-0.77
2022-05-24 19:13:19.524098,29440,1.12305,7.0,100.0,0.00776,1005.7,0,8.553,9.303,1.10999,0.86819,9.179,-0.63
2022-05-24 19:13:53.524239,29443,1.12316,7.0,100.0,0.00778,1005.7,0,8.553,9.379,1.10999,0.86723,9.256,-0.7
2022-05-24 19:14:27.524253,29440,1.12305,7.0,100.0,0.00778,1005.7,0,8.551,9.334,1.10999,0.86819,9.21,-0.66
2022-05-24 19:19:01.723400,29447,1.12331,6.7,100.0,0.00762,1005.7,0,8.96,9.628,1.10908,0.85674,9.509,-0.55
2022-05-24 19:24:12.051503,29471,1.12423,6.6,100.0,0.00757,1005.6,0,9.444,10.085,1.10878,0.84589,9.973,-0.53
2022-05-24 19:29:26.752552,29487,1.12484,6.5,100.0,0.00755,1005.6,0,9.984,10.468,1.10849,0.83783,10.362,-0.38
2022-05-24 19:34:44.321688,29560,1.12762,6.6,100.0,0.00759,1005.7,0,11.306,11.621,1.10878,0.81822,11.533,-0.23
2022-05-24 19:39:38.164407,29610,1.12953,6.8,100.0,0.00768,1005.7,0,12.121,12.33,1.10938,0.8091,12.254,-0.13
2022-05-24 19:44:26.407698,29680,1.1322,7.1,100.0,0.00785,1005.7,0,13.045,13.386,1.1103,0.79762,13.327,-0.28
2022-05-24 19:49:20.929303,29734,1.13426,7.2,99.7,0.00784,1005.7,0,14.153,14.183,1.11061,0.78553,14.137,0.02
2022-05-24 19:54:05.813508,29764,1.13541,6.9,100.0,0.00772,1005.7,0,15.057,15.11,1.10969,0.76912,15.079,-0.02
2022-05-24 19:58:51.444037,29781,1.13605,6.5,99.9,0.00754,1005.6,0,16.048,15.863,1.10849,0.75401,15.843,0.2
2022-05-24 19:59:29.444115,29780,1.13602,6.5,100.0,0.00751,1005.6,0,16.038,15.777,1.10849,0.75421,15.757,0.28
2022-05-24 20:04:16.500840,29832,1.138,6.5,100.0,0.00754,1005.5,0,16.91,16.915,1.10849,0.74111,16.912,-0.0
2022-05-24 20:09:01.909799,29859,1.13903,6.2,100.0,0.0074,1005.5,0,17.946,17.802,1.10761,0.72686,17.814,0.13
2022-05-24 20:14:04.481971,29907,1.14086,6.3,100.0,0.00744,1005.5,0,18.968,18.724,1.1079,0.71796,18.751,0.22
2022-05-24 20:19:21.258410,29933,1.14185,6.1,100.0,0.00732,1005.5,0,19.922,19.451,1.10732,0.70703,19.489,0.43
2022-05-24 20:24:13.165676,31050,1.18446,6.2,100.0,0.00738,1005.5,0,55.469,53.854,1.10761,0.52107,54.443,1.03
2022-05-24 20:24:49.165764,31053,1.18458,6.2,100.0,0.00739,1005.5,0,55.433,54.047,1.10761,0.52068,54.639,0.79
2022-05-24 20:25:25.166118,31056,1.18469,6.2,100.0,0.00738,1005.5,0,55.38,54.096,1.10761,0.52032,54.688,0.69
2022-05-24 20:38:35.735139,30206,1.15227,7.5,85.7,0.00689,1005.6,0,24.17,20.703,1.11156,0.68261,20.761,3.41
2022-05-24 20:39:05.735197,30201,1.15208,7.5,85.6,0.00689,1005.6,0,24.163,20.595,1.11156,0.68362,20.651,3.51
2022-05-24 20:39:35.735264,30197,1.15192,7.6,85.6,0.0069,1005.6,0,24.148,20.271,1.11188,0.68697,20.322,3.83
2022-05-24 21:08:40.388272,30250,1.15395,6.7,90.6,0.00693,1005.8,0,27.357,24.089,1.10908,0.65474,24.202,3.15
2022-05-24 21:09:21.388377,30250,1.15395,6.7,90.6,0.00691,1005.8,0,27.34,24.02,1.10908,0.65474,24.131,3.21
2022-05-24 21:14:02.706194,30342,1.15746,6.6,92.5,0.007,1005.8,0,30.087,26.971,1.10878,0.63527,27.13,2.96
2022-05-24 21:14:36.706273,30336,1.15723,6.6,92.1,0.00696,1005.8,0,30.044,26.663,1.10878,0.63637,26.817,3.23
2022-05-24 21:19:54.059511,30664,1.16974,6.4,90.6,0.00678,1005.9,0,40.418,35.844,1.10819,0.57769,36.144,4.27
2022-05-24 21:20:27.059610,30658,1.16951,6.4,90.4,0.00675,1005.9,0,40.406,35.511,1.10819,0.5786,35.807,4.6
2022-05-24 21:27:20.710728,30926,1.17973,6.2,92.7,0.00686,1006.0,0,50.063,45.841,1.10761,0.53689,46.301,3.76
2022-05-24 21:27:53.710827,30910,1.17912,6.2,93.0,0.00685,1006.0,0,50.043,45.213,1.10761,0.53901,45.663,4.38
2022-05-24 21:28:26.710896,30905,1.17893,6.1,93.3,0.00686,1006.0,0,50.009,45.593,1.10732,0.53781,46.05,3.96
2022-05-24 21:33:36.671830,31333,1.19526,6.1,96.1,0.00706,1006.1,0,66.725,63.999,1.10732,0.48653,64.75,1.97
2022-05-24 21:34:20.671973,31326,1.19499,6.1,95.7,0.00702,1006.1,0,66.649,63.364,1.10732,0.4873,64.105,2.54
2022-05-24 21:39:26.029290,31415,1.19839,5.9,97.5,0.00705,1006.1,0,70.636,69.012,1.10676,0.47454,69.843,0.79
2022-05-24 21:39:58.029362,31412,1.19827,5.9,97.7,0.00706,1006.1,0,70.619,68.954,1.10676,0.47487,69.784,0.83
2022-05-24 21:45:07.673022,31573,1.20441,5.7,97.5,0.00698,1006.1,0,77.876,77.459,1.1062,0.45562,78.426,-0.55
2022-05-24 21:45:40.673092,31561,1.20396,5.7,97.9,0.007,1006.1,0,77.887,77.067,1.1062,0.45676,78.027,-0.14
2022-05-24 21:46:13.673181,31563,1.20403,5.7,98.3,0.00701,1006.1,0,77.854,77.256,1.1062,0.45658,78.219,-0.36
2022-05-24 21:46:46.673252,31562,1.20399,5.6,99.0,0.00705,1006.1,0,77.804,78.389,1.10592,0.45515,79.371,-1.57
2022-05-24 21:47:19.673357,31562,1.20399,5.6,99.6,0.00709,1006.1,0,77.81,78.783,1.10592,0.45515,79.771,-1.96
2022-05-24 21:52:32.694073,31822,1.21391,5.9,100.0,0.00723,1006.2,0,89.412,91.451,1.10676,0.43576,92.642,-3.23
2022-05-24 21:53:04.694161,31825,1.21403,5.9,100.0,0.00724,1006.2,0,89.426,91.737,1.10676,0.43549,92.932,-3.51
2022-05-24 21:53:36.694247,31840,1.2146,5.9,100.0,0.00724,1006.2,0,89.389,92.57,1.10676,0.43419,93.778,-4.39
2022-05-24 21:54:08.694330,31834,1.21437,5.9,100.0,0.00724,1006.2,0,89.305,92.233,1.10676,0.43471,93.436,-4.13
2022-05-24 21:54:40.694402,31831,1.21426,5.9,100.0,0.00723,1006.2,0,89.264,91.961,1.10676,0.43496,93.159,-3.9
2022-05-24 21:55:12.694474,31832,1.21429,5.9,100.0,0.00723,1006.2,0,89.234,92.004,1.10676,0.43489,93.204,-3.97
2022-05-24 21:55:44.694549,31828,1.21414,5.9,100.0,0.00724,1006.2,0,89.162,91.898,1.10676,0.43524,93.095,-3.93
2022-05-24 21:56:16.694631,31828,1.21414,5.9,100.0,0.00724,1006.2,0,89.16,91.898,1.10676,0.43524,93.095,-3.94
2022-05-24 21:56:48.694699,31831,1.21426,5.9,100.0,0.00724,1006.2,0,89.159,92.073,1.10676,0.43496,93.273,-4.11
2022-05-24 22:02:06.779186,32045,1.22242,6.2,100.0,0.00737,1006.2,0,97.887,102.885,1.10761,0.42138,104.259,-6.37
2022-05-24 22:02:48.779273,32045,1.22242,6.2,100.0,0.00737,1006.3,0,97.803,102.885,1.10761,0.42138,104.259,-6.46
2022-05-25 16:54:05.425120,29575,1.1282,15.9,100.0,0.01357,1005.6,0,2.153,5.191,1.14498,1.16102,5.001,-2.85
2022-05-25 16:58:02.735795,29566,1.12785,15.7,100.0,0.01344,1005.5,0,2.218,5.23,1.14404,1.15594,5.04,-2.82
2022-05-25 16:58:41.735880,29567,1.12789,15.7,100.0,0.01343,1005.5,0,2.219,5.234,1.14404,1.1555,5.045,-2.83
2022-05-25 16:59:20.736022,29567,1.12789,15.7,100.0,0.01344,1005.5,0,2.219,5.241,1.14404,1.1555,5.052,-2.83
2022-05-25 17:02:55.872019,29575,1.1282,15.7,100.0,0.01343,1005.5,0,2.302,5.321,1.14404,1.15206,5.133,-2.83
2022-05-25 17:03:32.872114,29576,1.12823,15.7,100.0,0.01342,1005.5,0,2.302,5.323,1.14404,1.15173,5.135,-2.83
2022-05-25 17:04:09.872205,29573,1.12812,15.7,100.0,0.0134,1005.5,0,2.303,5.278,1.14404,1.15294,5.089,-2.79
2022-05-25 17:07:45.027986,29583,1.1285,15.7,100.0,0.01342,1005.4,0,2.405,5.399,1.14404,1.14875,5.212,-2.81
2022-05-25 17:08:23.028063,29586,1.12862,15.7,100.0,0.01343,1005.4,0,2.405,5.44,1.14404,1.14743,5.254,-2.85
2022-05-25 17:12:00.369086,29591,1.12881,15.7,100.0,0.01344,1005.4,0,2.578,5.501,1.14404,1.14535,5.315,-2.74
2022-05-25 17:12:30.369162,29590,1.12877,15.7,100.0,0.01344,1005.4,0,2.577,5.489,1.14404,1.14579,5.304,-2.73
2022-05-25 17:13:00.369214,29591,1.12881,15.7,100.0,0.01344,1005.4,0,2.578,5.501,1.14404,1.14535,5.315,-2.74
2022-05-25 17:16:25.026221,29590,1.12877,15.6,100.0,0.01336,1005.4,0,2.702,5.549,1.14358,1.14136,5.364,-2.66
2022-05-25 17:16:57.026290,29589,1.12873,15.6,100.0,0.01335,1005.4,0,2.702,5.53,1.14358,1.14179,5.346,-2.64
2022-05-25 17:17:29.026352,29585,1.12858,15.6,100.0,0.01334,1005.4,0,2.702,5.48,1.14358,1.14343,5.295,-2.59
2022-05-25 17:21:41.231929,29599,1.12911,15.6,100.0,0.01332,1005.4,0,2.878,5.618,1.14358,1.13767,5.434,-2.56
2022-05-25 17:25:57.657462,29610,1.12953,15.5,100.0,0.01329,1005.4,0,3.111,5.836,1.14312,1.12875,5.656,-2.54
2022-05-25 17:26:29.657524,29609,1.12949,15.5,100.0,0.01329,1005.4,0,3.11,5.824,1.14312,1.12918,5.644,-2.53
2022-05-25 17:30:17.174773,29609,1.12949,15.5,100.0,0.01323,1005.3,0,3.305,5.78,1.14312,1.12918,5.599,-2.29
2022-05-25 17:30:54.174852,29609,1.12949,15.5,100.0,0.01321,1005.3,0,3.306,5.766,1.14312,1.12918,5.585,-2.28
2022-05-25 17:34:52.823722,29630,1.13029,15.4,100.0,0.01321,1005.3,0,3.5,6.121,1.14266,1.11634,5.946,-2.45
2022-05-25 17:35:26.823750,29630,1.13029,15.5,100.0,0.01321,1005.3,0,3.499,5.999,1.14312,1.12068,5.822,-2.32
2022-05-25 17:39:31.758713,29647,1.13094,15.4,100.0,0.01321,1005.3,0,3.772,6.315,1.14266,1.10955,6.143,-2.37
2022-05-25 17:43:41.720999,29672,1.1319,15.5,100.0,0.01324,1005.2,0,4.11,6.502,1.14312,1.10396,6.333,-2.22
2022-05-25 17:44:20.721092,29668,1.13174,15.5,100.0,0.01325,1005.2,0,4.109,6.462,1.14312,1.1056,6.292,-2.18
2022-05-25 17:47:54.222286,29698,1.13289,15.5,100.0,0.01329,1005.2,0,4.53,6.845,1.14312,1.09392,6.681,-2.15
2022-05-25 17:48:26.222355,29697,1.13285,15.6,100.0,0.0133,1005.2,0,4.528,6.711,1.14358,1.09858,6.545,-2.02
2022-05-25 17:48:58.222425,29696,1.13281,15.5,100.0,0.01329,1005.2,0,4.529,6.82,1.14312,1.09472,6.656,-2.13
2022-05-25 17:52:23.137447,29739,1.13445,15.6,100.0,0.01331,1005.2,0,5.147,7.215,1.14358,1.08266,7.057,-1.91
2022-05-25 17:52:55.137508,29736,1.13434,15.6,100.0,0.01332,1005.2,0,5.147,7.189,1.14358,1.08374,7.03,-1.88
2022-05-25 17:53:27.137572,29737,1.13438,15.6,100.0,0.01331,1005.2,0,5.145,7.193,1.14358,1.08335,7.035,-1.89
2022-05-25 17:57:08.202565,29763,1.13537,15.6,100.0,0.01331,1005.2,0,5.531,7.506,1.14358,1.07372,7.353,-1.82
2022-05-25 17:57:49.202614,29761,1.13529,15.6,100.0,0.01331,1005.2,0,5.531,7.481,1.14358,1.07449,7.327,-1.8
2022-05-25 18:01:41.179314,29795,1.13659,15.6,100.0,0.01336,1005.2,0,5.947,7.943,1.14358,1.06208,7.797,-1.85
2022-05-25 18:02:21.179415,29793,1.13651,15.6,100.0,0.01336,1005.2,0,5.944,7.917,1.14358,1.06284,7.771,-1.83
2022-05-25 18:06:22.300504,29835,1.13811,15.7,100.0,0.01341,1005.2,0,6.561,8.344,1.14404,1.05201,8.204,-1.64
2022-05-25 18:06:56.300579,29835,1.13811,15.7,100.0,0.01341,1005.2,0,6.561,8.344,1.14404,1.05201,8.204,-1.64
2022-05-25 18:10:49.340227,29854,1.13884,15.7,100.0,0.01341,1005.2,0,6.969,8.588,1.14404,1.04532,8.452,-1.48
2022-05-25 18:11:26.340284,29857,1.13895,15.7,100.0,0.01342,1005.2,0,6.966,8.634,1.14404,1.04432,8.499,-1.53
2022-05-25 18:14:59.661836,29879,1.13979,15.6,100.0,0.01331,1005.1,0,7.446,8.97,1.14358,1.03273,8.841,-1.39
2022-05-25 18:15:34.661913,29873,1.13956,15.5,100.0,0.01326,1005.1,0,7.442,8.998,1.14312,1.03078,8.869,-1.43
2022-05-25 18:16:09.661989,29867,1.13934,15.4,100.0,0.01318,1005.1,0,7.44,9.001,1.14266,1.02874,8.872,-1.43
2022-05-25 18:16:44.662065,29859,1.13903,15.3,100.0,0.01311,1005.1,0,7.436,8.982,1.1422,1.02752,8.852,-1.42
2022-05-25 18:22:08.711440,29886,1.14006,15.2,100.0,0.01303,1005.1,0,7.978,9.421,1.14174,1.01445,9.299,-1.32
2022-05-25 18:26:13.468968,29916,1.1412,15.1,100.0,0.01297,1005.1,0,8.565,9.931,1.14128,1.00068,9.817,-1.25
2022-05-25 18:33:33.542403,29914,1.14113,14.7,100.0,0.01264,1005.0,0,8.926,10.226,1.13947,0.98581,10.116,-1.19
2022-05-25 18:34:03.542471,29919,1.14132,14.8,100.0,0.01268,1005.0,0,8.927,10.17,1.13992,0.98805,10.06,-1.13
2022-05-25 18:38:34.271136,29968,1.14319,15.1,100.0,0.01291,1005.0,0,9.498,10.599,1.14128,0.98397,10.495,-1.0
2022-05-25 18:42:02.506759,29986,1.14388,14.9,100.0,0.01282,1005.0,0,9.99,11.111,1.14037,0.97073,11.016,-1.03
2022-05-25 18:42:46.506850,29985,1.14384,14.9,100.0,0.01278,1005.0,0,9.984,11.051,1.14037,0.97105,10.955,-0.97
2022-05-25 18:46:41.599308,30029,1.14552,14.8,100.0,0.01269,1005.0,0,10.99,11.78,1.13992,0.9539,11.695,-0.7
2022-05-25 18:47:21.599377,30038,1.14586,14.8,100.0,0.01268,1005.0,0,10.983,11.902,1.13992,0.95124,11.819,-0.84
2022-05-25 18:53:48.216107,30102,1.1483,14.9,100.0,0.01278,1004.9,0,11.985,12.812,1.14037,0.93621,12.744,-0.76
2022-05-25 18:54:24.216224,30102,1.1483,14.9,100.0,0.0128,1004.9,0,11.983,12.837,1.14037,0.93621,12.769,-0.79
2022-05-25 18:58:54.052099,30177,1.15116,15.0,100.0,0.01287,1004.9,0,13.035,13.914,1.14082,0.91872,13.863,-0.83
2022-05-25 19:02:50.491177,30236,1.15341,15.1,100.0,0.01295,1004.8,0,14.262,14.773,1.14128,0.90627,14.737,-0.47
2022-05-25 19:03:25.491226,30244,1.15372,15.1,100.0,0.01297,1004.8,0,14.259,14.936,1.14128,0.9041,14.902,-0.64
2022-05-25 19:07:23.688799,30292,1.15555,15.3,100.0,0.01305,1004.8,0,14.947,15.406,1.1422,0.89848,15.379,-0.43
2022-05-25 19:07:57.688870,30288,1.1554,15.3,100.0,0.01307,1004.8,0,14.937,15.368,1.1422,0.89951,15.341,-0.4
2022-05-25 19:12:15.782193,30364,1.15829,15.4,100.0,0.01317,1004.7,0,15.972,16.58,1.14266,0.88358,16.572,-0.6
2022-05-25 19:16:20.225625,30421,1.16047,15.5,100.0,0.01325,1004.7,0,17.047,17.467,1.14312,0.87284,17.474,-0.43
2022-05-25 19:16:56.225706,30414,1.1602,15.5,100.0,0.01326,1004.7,0,17.034,17.356,1.14312,0.87457,17.36,-0.33
2022-05-25 19:20:58.077827,30474,1.16249,15.6,100.0,0.01329,1004.7,0,18.125,18.234,1.14358,0.86346,18.252,-0.13
2022-05-25 19:21:31.077895,30474,1.16249,15.5,100.0,0.01328,1004.7,0,18.118,18.477,1.14312,0.86011,18.499,-0.38
2022-05-25 19:25:39.026006,30507,1.16375,15.4,100.0,0.01316,1004.7,0,19.03,19.161,1.14266,0.84905,19.194,-0.16
2022-05-25 19:29:45.484705,30635,1.16863,15.4,100.0,0.01319,1004.7,0,21.425,21.701,1.14266,0.82041,21.775,-0.35
2022-05-25 19:30:23.484774,30638,1.16875,15.4,100.0,0.01321,1004.7,0,21.422,21.801,1.14266,0.81973,21.877,-0.45
2022-05-25 19:34:12.365526,30805,1.17512,15.5,100.0,0.01327,1004.7,0,25.309,25.095,1.14312,0.78823,25.223,0.09
2022-05-25 19:34:51.365616,30809,1.17527,15.5,100.0,0.01326,1004.6,0,25.284,25.16,1.14312,0.78745,25.289,-0.01
2022-05-25 19:38:35.626788,31022,1.1834,15.3,100.0,0.01309,1004.7,0,30.596,30.393,1.1422,0.7415,30.606,-0.01
2022-05-25 19:39:18.626871,31018,1.18324,15.3,100.0,0.01309,1004.7,0,30.588,30.292,1.1422,0.74225,30.503,0.09
2022-05-25 19:43:11.330469,31363,1.1964,15.2,100.0,0.01304,1004.6,0,40.132,39.617,1.14174,0.68293,39.978,0.15
2022-05-25 19:43:54.330580,31368,1.19659,15.3,100.0,0.01306,1004.6,0,40.098,39.324,1.1422,0.68483,39.68,0.42
2022-05-25 19:48:13.751483,31726,1.21025,15.4,100.0,0.01318,1004.6,0,50.809,49.945,1.14266,0.63708,50.471,0.34
2022-05-25 19:48:55.751582,31733,1.21052,15.4,100.0,0.0132,1004.6,0,50.787,50.248,1.14266,0.63615,50.779,0.01
2022-05-25 19:53:12.114191,31980,1.21994,15.2,100.0,0.013,1004.6,0,60.478,59.143,1.14174,0.60088,59.817,0.66
2022-05-25 19:57:28.326807,32216,1.22894,14.7,100.0,0.01259,1004.6,0,71.257,69.913,1.13947,0.56342,70.758,0.5
2022-05-25 19:57:59.326880,32217,1.22898,14.7,100.0,0.0126,1004.6,0,71.257,70.008,1.13947,0.56331,70.855,0.4
2022-05-25 20:01:38.233029,32527,1.24081,14.9,100.0,0.01277,1004.5,0,81.933,82.165,1.14037,0.53674,83.207,-1.27
2022-05-25 20:02:19.233126,32531,1.24096,14.9,100.0,0.01281,1004.5,0,81.86,82.584,1.14037,0.53637,83.632,-1.77
2022-05-26 14:32:18.310332,29565,1.12782,21.8,83.5,0.01608,995.4,0,2.052,1.262,1.17511,1.45554,1.009,1.04
2022-05-26 14:32:51.310408,29569,1.12797,21.8,84.0,0.01617,995.3,0,2.051,1.319,1.17511,1.45344,1.067,0.98
2022-05-26 14:33:24.310463,29579,1.12835,21.8,84.3,0.01625,995.4,0,2.051,1.413,1.17511,1.44815,1.163,0.89
2022-05-26 14:33:57.310558,29577,1.12827,21.8,84.8,0.01632,995.4,0,2.052,1.424,1.17511,1.44926,1.174,0.88
2022-05-26 14:34:30.310607,29583,1.1285,21.8,85.2,0.01639,995.4,0,2.052,1.49,1.17511,1.44607,1.24,0.81
2022-05-26 14:39:58.087594,29625,1.1301,21.9,87.6,0.0169,995.3,0,2.1,1.895,1.17567,1.42946,1.652,0.45
2022-05-26 14:43:36.665412,29654,1.13121,21.9,88.8,0.01716,995.3,0,2.206,2.2,1.17567,1.41466,1.962,0.24
2022-05-26 14:44:18.665499,29652,1.13113,21.9,89.2,0.01721,995.3,0,2.206,2.204,1.17567,1.41572,1.966,0.24
2022-05-26 14:48:28.426279,29680,1.1322,21.9,90.5,0.01745,995.2,0,2.306,2.504,1.17567,1.40172,2.271,0.04
2022-05-26 14:49:00.426359,29678,1.13213,21.9,90.6,0.01747,995.2,0,2.305,2.498,1.17567,1.40263,2.265,0.04
2022-05-26 14:53:05.914779,29708,1.13327,21.8,91.5,0.01764,995.2,0,2.43,2.874,1.17511,1.38295,2.647,-0.22
2022-05-26 14:57:13.770630,29726,1.13396,21.8,92.2,0.01777,995.2,0,2.636,3.07,1.17511,1.37427,2.846,-0.21
2022-05-26 14:57:51.770736,29726,1.13396,21.8,92.4,0.01779,995.2,0,2.635,3.078,1.17511,1.37427,2.854,-0.22
2022-05-26 15:01:37.944079,29744,1.13464,21.8,93.3,0.01792,995.2,0,2.817,3.275,1.17511,1.36582,3.055,-0.24
2022-05-26 15:02:18.944155,29748,1.1348,21.8,93.4,0.01794,995.2,0,2.818,3.318,1.17511,1.36385,3.098,-0.28
2022-05-26 15:06:38.561992,29779,1.13598,21.8,93.5,0.01799,995.2,0,3.007,3.593,1.17511,1.34948,3.378,-0.37
2022-05-26 15:10:47.587731,29797,1.13667,21.8,93.8,0.01803,995.1,0,3.244,3.762,1.17511,1.34121,3.549,-0.3
2022-05-26 15:11:23.587821,29798,1.1367,21.8,93.8,0.01804,995.1,0,3.243,3.773,1.17511,1.34086,3.56,-0.32
2022-05-26 15:11:59.587895,29790,1.1364,21.8,93.9,0.01804,995.1,0,3.242,3.707,1.17511,1.34443,3.493,-0.25
2022-05-26 15:12:35.587980,29793,1.13651,21.8,94.0,0.01805,995.1,0,3.242,3.736,1.17511,1.34312,3.522,-0.28
2022-05-26 15:16:37.306903,29832,1.138,21.8,94.0,0.01807,995.0,0,3.542,4.077,1.17511,1.32557,3.869,-0.33
2022-05-26 15:17:19.306993,29837,1.13819,21.8,93.9,0.01806,995.0,0,3.54,4.115,1.17511,1.32336,3.908,-0.37
2022-05-26 15:21:02.644227,29854,1.13884,21.8,93.9,0.01807,995.0,0,3.895,4.268,1.17511,1.31587,4.063,-0.17
2022-05-26 15:21:46.644254,29858,1.13899,21.8,93.9,0.01807,995.0,0,3.895,4.302,1.17511,1.31415,4.098,-0.2
2022-05-26 15:25:36.990712,29890,1.14021,21.8,94.0,0.01809,994.9,0,4.29,4.595,1.17511,1.30036,4.395,-0.1
2022-05-26 15:26:18.990815,29889,1.14017,21.8,94.2,0.01809,994.9,0,4.288,4.586,1.17511,1.3008,4.386,-0.1
2022-05-26 15:30:12.869987,29928,1.14166,21.8,93.7,0.01806,994.9,0,4.715,4.923,1.17511,1.28433,4.729,-0.01
2022-05-26 15:30:51.870079,29926,1.14159,21.8,93.7,0.01806,994.9,0,4.714,4.907,1.17511,1.2851,4.712,0.0
2022-05-26 15:34:32.575865,29949,1.14246,21.8,93.7,0.01805,994.9,0,4.97,5.111,1.17511,1.27566,4.92,0.05
2022-05-26 15:35:16.575962,29942,1.1422,21.8,93.8,0.01805,994.9,0,4.967,5.048,1.17511,1.27846,4.856,0.11
2022-05-26 15:39:17.578724,29965,1.14307,21.8,93.7,0.01803,994.9,0,5.379,5.249,1.17511,1.26912,5.06,0.32
2022-05-26 15:39:54.578793,29969,1.14323,21.8,93.7,0.01803,994.9,0,5.378,5.288,1.17511,1.26742,5.1,0.28
2022-05-26 15:43:36.159864,30013,1.14491,21.8,93.5,0.01798,994.8,0,6.001,5.678,1.17511,1.24981,5.496,0.5
2022-05-26 15:44:18.159951,30015,1.14498,21.8,93.4,0.01797,994.8,0,5.998,5.69,1.17511,1.24909,5.508,0.49
2022-05-26 15:48:06.658094,30045,1.14613,21.8,93.0,0.01791,994.8,0,6.445,5.947,1.17511,1.23732,5.769,0.68
2022-05-26 15:48:48.658221,30041,1.14597,21.8,93.1,0.0179,994.8,0,6.443,5.901,1.17511,1.23895,5.722,0.72
2022-05-26 16:53:44.415399,29848,1.13861,21.9,100.0,0.0193,994.2,0,2.075,4.691,1.17567,1.32332,4.493,-2.42
2022-05-26 16:54:16.415468,29844,1.13846,21.9,100.0,0.01929,994.2,0,2.076,4.651,1.17567,1.32506,4.452,-2.38
2022-05-26 16:54:48.415539,29846,1.13853,21.8,100.0,0.01928,994.1,0,2.076,4.763,1.17511,1.31943,4.566,-2.49
2022-05-26 16:58:47.459702,29867,1.13934,21.8,100.0,0.01928,994.1,0,2.157,4.961,1.17511,1.31016,4.767,-2.61
2022-05-26 16:59:24.459780,29865,1.13926,21.8,100.0,0.01927,994.1,0,2.158,4.936,1.17511,1.31107,4.742,-2.58
2022-05-26 17:03:26.834861,29882,1.13991,21.8,100.0,0.01924,994.0,0,2.278,5.082,1.17511,1.30372,4.89,-2.61
2022-05-26 17:04:00.834948,29888,1.14014,21.8,100.0,0.01925,994.0,0,2.277,5.143,1.17511,1.30114,4.952,-2.68
2022-05-26 17:07:49.869443,29899,1.14056,21.8,100.0,0.01924,993.9,0,2.419,5.243,1.17511,1.29645,5.054,-2.64
2022-05-26 17:08:25.869502,29903,1.14071,21.8,100.0,0.01924,993.9,0,2.42,5.28,1.17511,1.29479,5.092,-2.67
2022-05-26 17:12:19.781110,29924,1.14151,21.8,100.0,0.01927,993.9,0,2.577,5.497,1.17511,1.28597,5.312,-2.74
2022-05-26 17:12:54.781390,29930,1.14174,21.8,100.0,0.01928,993.9,0,2.576,5.56,1.17511,1.28346,5.376,-2.8
2022-05-26 17:16:53.414269,29939,1.14208,21.9,100.0,0.0193,993.9,0,2.696,5.548,1.17567,1.28443,5.363,-2.67
2022-05-26 17:17:27.414346,29939,1.14208,21.9,100.0,0.0193,993.9,0,2.696,5.548,1.17567,1.28443,5.363,-2.67
2022-05-26 17:21:19.399089,29949,1.14246,21.8,100.0,0.01927,993.9,0,2.904,5.74,1.17511,1.27566,5.558,-2.65
2022-05-26 17:21:55.399140,29949,1.14246,21.8,100.0,0.01925,993.9,0,2.903,5.729,1.17511,1.27566,5.548,-2.64
2022-05-26 17:26:03.781864,29978,1.14357,21.8,100.0,0.01925,993.8,0,3.138,6.017,1.17511,1.26382,5.84,-2.7
2022-05-26 17:26:33.781957,29975,1.14346,21.8,100.0,0.01925,993.8,0,3.138,5.989,1.17511,1.26498,5.811,-2.67
2022-05-26 17:30:25.292729,29996,1.14426,21.8,100.0,0.01925,993.8,0,3.308,6.199,1.17511,1.25656,6.025,-2.72
2022-05-26 17:30:58.292810,29996,1.14426,21.8,100.0,0.01925,993.8,0,3.307,6.199,1.17511,1.25656,6.025,-2.72
2022-05-26 17:35:00.190862,30006,1.14464,21.8,100.0,0.01923,993.7,0,3.471,6.289,1.17511,1.25261,6.116,-2.64
2022-05-26 17:35:31.190911,30007,1.14468,21.8,100.0,0.01921,993.7,0,3.471,6.289,1.17511,1.25219,6.116,-2.64
2022-05-26 17:40:12.720521,30040,1.14594,21.8,100.0,0.01924,993.7,0,3.782,6.644,1.17511,1.23925,6.477,-2.7
2022-05-26 17:44:11.042908,30057,1.14658,21.8,100.0,0.0192,993.7,0,4.126,6.795,1.17511,1.23278,6.631,-2.5
2022-05-26 17:48:53.399737,30093,1.14796,21.8,100.0,0.01918,993.7,0,4.557,7.165,1.17511,1.21906,7.006,-2.45
2022-05-26 17:53:26.727071,30136,1.1496,21.8,100.0,0.0192,993.7,0,5.093,7.64,1.17511,1.20314,7.489,-2.4
2022-05-26 17:59:04.833833,30176,1.15112,21.8,100.0,0.01919,993.7,0,5.46,8.074,1.17511,1.18875,7.93,-2.47
2022-05-26 17:59:36.833920,30180,1.15128,21.8,100.0,0.0192,993.7,0,5.461,8.127,1.17511,1.18726,7.984,-2.52
2022-05-26 18:00:08.833963,30183,1.15139,21.8,100.0,0.01919,993.7,0,5.46,8.153,1.17511,1.18623,8.01,-2.55
2022-05-26 18:04:02.869164,30224,1.15295,21.7,100.0,0.01917,993.7,0,6.213,8.745,1.17456,1.16762,8.612,-2.4
2022-05-26 18:08:01.933022,30252,1.15402,21.7,100.0,0.01915,993.7,0,6.65,9.059,1.17456,1.15801,8.93,-2.28
2022-05-26 18:12:21.170671,30281,1.15513,21.7,100.0,0.01915,993.7,0,6.996,9.403,1.17456,1.1482,9.28,-2.28
2022-05-26 18:12:56.170731,30284,1.15524,21.7,100.0,0.01916,993.7,0,6.993,9.444,1.17456,1.14724,9.322,-2.33
2022-05-26 18:17:20.354864,30320,1.15662,21.7,100.0,0.01915,993.7,0,7.51,9.874,1.17456,1.1353,9.758,-2.25
2022-05-26 18:23:03.195290,30365,1.15833,21.7,100.0,0.01917,993.7,0,7.969,10.441,1.17456,1.12085,10.335,-2.37
2022-05-26 18:27:52.222093,30390,1.15929,21.7,100.0,0.01914,993.6,0,8.479,10.734,1.17456,1.1129,10.633,-2.15
2022-05-26 18:32:28.780703,30430,1.16081,21.7,100.0,0.01913,993.5,0,9.036,11.235,1.17456,1.10053,11.142,-2.11
2022-05-26 18:36:27.449129,30482,1.1628,21.7,100.0,0.01912,993.5,0,9.821,11.909,1.17456,1.08476,11.826,-2.01
2022-05-26 18:36:59.449200,30483,1.16283,21.7,100.0,0.01912,993.5,0,9.822,11.919,1.17456,1.08452,11.836,-2.01
2022-05-26 18:40:49.790745,30522,1.16432,21.7,100.0,0.01912,993.5,0,10.378,12.441,1.17456,1.073,12.367,-1.99
2022-05-26 18:41:24.790832,30530,1.16463,21.7,100.0,0.01913,993.5,0,10.373,12.56,1.17456,1.07064,12.488,-2.12
2022-05-26 18:45:20.976557,30577,1.16642,21.7,100.0,0.01912,993.5,0,11.177,13.195,1.17456,1.05718,13.133,-1.96
2022-05-26 18:45:55.976645,30577,1.16642,21.7,100.0,0.01912,993.5,0,11.178,13.195,1.17456,1.05718,13.133,-1.95
2022-05-26 18:50:19.131395,30674,1.17012,21.7,100.0,0.01912,993.5,0,12.655,14.575,1.17456,1.03041,14.535,-1.88
2022-05-26 18:54:25.606068,30689,1.17069,21.7,100.0,0.01911,993.5,0,13.047,14.784,1.17456,1.02641,14.747,-1.7
2022-05-26 18:54:59.606155,30690,1.17073,21.7,100.0,0.0191,993.5,0,13.045,14.79,1.17456,1.02613,14.753,-1.71
2022-05-26 18:59:19.379500,30750,1.17302,21.7,100.0,0.01909,993.4,0,13.98,15.673,1.17456,1.01036,15.65,-1.67
2022-05-26 19:03:40.311011,30850,1.17683,21.7,100.0,0.0191,993.4,0,15.69,17.226,1.17456,0.98517,17.229,-1.54
2022-05-26 19:04:20.311089,30856,1.17706,21.7,100.0,0.0191,993.3,0,15.683,17.322,1.17456,0.98369,17.326,-1.64
2022-05-26 19:08:32.872873,30887,1.17825,21.7,100.0,0.01911,993.3,0,16.078,17.832,1.17456,0.9761,17.844,-1.77
2022-05-26 19:12:23.420451,30929,1.17985,21.7,100.0,0.0191,993.3,0,16.973,18.502,1.17456,0.96608,18.525,-1.55
2022-05-26 19:13:02.420545,30923,1.17962,21.7,100.0,0.01907,993.3,0,16.968,18.369,1.17456,0.96751,18.39,-1.42
2022-05-26 19:17:44.421020,30999,1.18252,21.7,100.0,0.0191,993.2,0,18.06,19.669,1.17456,0.94981,19.71,-1.65
2022-05-26 19:21:25.211028,31045,1.18427,21.7,100.0,0.01909,993.2,0,18.924,20.441,1.17456,0.93944,20.495,-1.57
2022-05-26 19:21:58.211110,31043,1.1842,21.7,100.0,0.01908,993.2,0,18.918,20.397,1.17456,0.93985,20.451,-1.53
2022-05-26 19:26:45.098010,31117,1.18702,21.6,100.0,0.01905,993.1,0,20.284,21.934,1.17402,0.92022,22.012,-1.73
2022-05-26 19:30:54.720061,31333,1.19526,21.7,100.0,0.01907,993.1,0,24.652,25.713,1.17456,0.87915,25.851,-1.2
2022-05-26 19:35:10.940571,31589,1.20502,21.7,100.0,0.01907,993.0,0,30.068,30.979,1.17456,0.83175,31.201,-1.13
2022-05-26 19:39:36.301153,31824,1.21399,21.7,100.0,0.01908,993.0,0,35.683,36.328,1.17456,0.79248,36.636,-0.95
2022-05-26 19:44:38.119251,32020,1.22147,21.7,100.0,0.0191,993.0,0,40.041,41.193,1.17456,0.76247,41.579,-1.54
2022-05-26 19:47:51.759929,32396,1.23581,21.7,100.0,0.01907,992.9,0,51.36,51.357,1.17456,0.71084,51.906,-0.55
2022-05-26 19:51:20.421775,32682,1.24672,21.7,100.0,0.01909,992.9,0,59.957,60.121,1.17456,0.67602,60.81,-0.85
2022-05-26 19:51:54.421829,32675,1.24645,21.7,100.0,0.01909,992.9,0,59.944,59.895,1.17456,0.67684,60.581,-0.64
2022-05-26 19:52:28.421910,32669,1.24622,21.7,100.0,0.01908,992.9,0,59.916,59.672,1.17456,0.67755,60.354,-0.44
2022-05-26 19:56:48.229628,32972,1.25778,21.7,100.0,0.01908,992.8,0,69.476,69.762,1.17456,0.64404,70.606,-1.13
2022-05-26 20:00:17.341286,33302,1.27037,21.7,100.0,0.01908,992.8,0,81.817,81.86,1.17456,0.61113,82.897,-1.08
2022-05-26 20:00:53.341380,33295,1.2701,21.7,100.0,0.01908,992.8,0,81.79,81.588,1.17456,0.6118,82.621,-0.83
2022-05-26 20:01:29.341440,33303,1.27041,21.7,100.0,0.01908,992.8,0,81.722,81.9,1.17456,0.61103,82.938,-1.22
2022-05-26 20:06:00.455773,33575,1.28078,21.6,100.0,0.01905,992.7,0,92.179,93.655,1.17402,0.58422,94.881,-2.7
2022-05-27 18:42:51.940178,29395,1.12133,17.4,85.7,0.01273,985.8,0,2.276,1.736,1.15217,1.31689,1.49,0.79
2022-05-27 18:43:26.940248,29391,1.12118,17.3,85.9,0.0127,985.8,0,2.277,1.765,1.15168,1.31388,1.52,0.76
2022-05-27 18:48:14.134725,29390,1.12114,16.8,91.4,0.01311,985.7,0,2.441,2.339,1.14926,1.28943,2.104,0.34
2022-05-27 18:52:45.105918,29424,1.12244,16.9,99.6,0.01435,985.7,0,2.693,3.175,1.14974,1.27731,2.952,-0.26
2022-05-27 18:57:06.375958,29478,1.1245,17.4,100.0,0.01487,985.8,0,2.804,3.478,1.15217,1.27535,3.261,-0.46
2022-05-27 19:01:58.144422,29536,1.12671,17.9,100.0,0.01531,985.8,0,3.004,3.771,1.15464,1.27197,3.558,-0.55
2022-05-27 19:06:32.961188,29592,1.12885,18.3,100.0,0.01567,985.8,0,3.23,4.096,1.15665,1.26512,3.889,-0.66
2022-05-27 19:10:45.959679,29620,1.12991,18.4,100.0,0.01575,985.9,0,3.394,4.302,1.15715,1.25722,4.098,-0.7
2022-05-27 19:15:08.761096,29629,1.13026,18.2,100.0,0.01558,985.9,0,3.617,4.5,1.15614,1.2436,4.299,-0.68
2022-05-27 19:19:42.057760,29654,1.13121,18.1,100.0,0.01552,985.9,0,3.962,4.814,1.15564,1.2279,4.618,-0.66
2022-05-27 19:24:13.157834,29673,1.13194,18.0,100.0,0.01535,985.9,0,4.276,5.013,1.15514,1.21496,4.82,-0.54
2022-05-27 19:28:45.189020,29700,1.13297,17.9,100.0,0.01528,986.0,0,4.7,5.356,1.15464,1.1989,5.168,-0.47
2022-05-27 19:33:19.577283,29742,1.13457,17.8,100.0,0.01523,985.9,0,5.259,5.878,1.15415,1.17706,5.699,-0.44
2022-05-27 19:37:56.708662,29785,1.13621,17.7,100.0,0.01514,985.9,0,5.934,6.405,1.15365,1.15544,6.235,-0.3
2022-05-27 19:41:57.093474,29853,1.1388,17.7,100.0,0.01513,986.0,0,7.02,7.162,1.15365,1.12937,7.004,0.02
2022-05-27 19:42:29.093531,29857,1.13895,17.7,100.0,0.01513,986.0,0,7.018,7.207,1.15365,1.1279,7.049,-0.03
2022-05-27 19:46:19.022094,29865,1.13926,17.7,100.0,0.01515,985.9,0,7.002,7.316,1.15365,1.12486,7.16,-0.16
2022-05-27 19:47:01.022180,29866,1.1393,17.7,100.0,0.01513,985.9,0,6.999,7.313,1.15365,1.12447,7.157,-0.16
2022-05-27 19:54:01.563218,29999,1.14437,17.7,100.0,0.01514,986.0,0,9.032,8.925,1.15365,1.07711,8.794,0.24
2022-05-27 19:54:38.563286,29999,1.14437,17.7,100.0,0.01515,986.0,0,9.025,8.933,1.15365,1.07711,8.803,0.22
2022-05-27 19:55:15.563376,29993,1.14414,17.7,100.0,0.01516,986.0,0,9.023,8.866,1.15365,1.07917,8.735,0.29
2022-05-27 19:55:52.563497,30006,1.14464,17.7,100.0,0.01515,986.0,0,9.018,9.022,1.15365,1.0747,8.894,0.12
2022-05-27 20:00:31.566778,30084,1.14761,17.7,100.0,0.01517,986.0,0,10.21,10.045,1.15365,1.04888,9.933,0.28
2022-05-27 20:05:08.432109,30129,1.14933,17.8,100.0,0.01519,986.0,0,11.007,10.498,1.15415,1.03844,10.393,0.61
2022-05-27 20:09:55.246285,30212,1.1525,17.9,100.0,0.01526,986.0,0,12.081,11.53,1.15464,1.01669,11.442,0.64
2022-05-27 20:10:29.246361,30213,1.15253,17.9,100.0,0.01527,986.0,0,12.072,11.551,1.15464,1.01645,11.463,0.61
2022-05-27 20:15:20.879826,30383,1.15902,17.9,100.0,0.01533,985.9,0,15.051,14.113,1.15464,0.96759,14.066,0.98
2022-05-27 20:19:52.789802,30687,1.17062,18.0,100.0,0.01536,986.0,0,20.786,18.958,1.15514,0.89444,18.988,1.8
2022-05-27 20:23:50.173932,31001,1.18259,18.0,100.0,0.01541,985.9,0,27.401,25.06,1.15514,0.82693,25.188,2.21
2022-05-27 20:28:12.631339,31340,1.19553,18.0,100.0,0.01543,986.0,0,35.552,32.65,1.15514,0.76455,32.899,2.65
2022-05-27 20:32:31.733521,31955,1.21899,18.0,100.0,0.01543,986.0,0,53.582,49.302,1.15514,0.67256,49.818,3.76
2022-05-27 20:33:08.733585,31955,1.21899,18.0,100.0,0.01544,986.0,0,53.552,49.335,1.15514,0.67256,49.851,3.7
2022-05-27 20:36:30.466690,32696,1.24725,18.0,100.0,0.01542,986.0,0,80.534,74.908,1.15514,0.58743,75.834,4.7
2022-05-27 20:37:02.466773,32697,1.24729,18.0,100.0,0.01543,986.0,0,80.526,74.997,1.15514,0.58732,75.924,4.6
2022-05-27 20:37:34.466815,32695,1.24722,18.1,100.0,0.01546,986.0,0,80.474,74.201,1.15564,0.58975,75.115,5.36
2022-05-27 20:42:59.855843,33130,1.26381,18.1,100.0,0.01548,986.0,0,97.75,92.336,1.15564,0.54895,93.541,4.21
2022-05-27 20:43:34.855920,33129,1.26377,18.1,100.0,0.01548,986.0,0,97.643,92.29,1.15564,0.54904,93.494,4.15
2022-05-27 20:44:09.855991,33124,1.26358,18.1,100.0,0.01549,986.0,0,97.602,92.127,1.15564,0.54947,93.328,4.27
2022-05-27 20:44:44.856049,33120,1.26343,18.1,100.0,0.01549,986.0,0,97.563,91.953,1.15564,0.54982,93.151,4.41
